rfid_tag,attendee_id,location_id,timestamp
R1076,A170,FOOD_COURT,2025-09-01T12:09:40
R1086,A302,LOBBY,2025-09-01T17:16:42
R1297,A107,HALL_C,2025-09-01T17:22:17
R1300,A166,HALL_A,2025-09-01T08:56:43
R1196,A126,FOOD_COURT,2025-09-01T08:14:22
R1199,A327,HALL_B,2025-09-01T16:32:44
R1029,A314,HALL_A,2025-09-01T12:07:45
R1295,A363,HALL_B,2025-09-01T08:16:46
R1069,A149,HALL_B,2025-09-01T09:23:57
R1191,A289,HALL_B,2025-09-01T16:13:51
R1253,A160,FOOD_COURT,2025-09-01T13:28:55
R1065,A189,HALL_A,2025-09-01T17:13:15
R1287,A263,HALL_B,2025-09-01T10:19:19
R1228,A245,HALL_A,2025-09-01T09:12:31
R1034,A269,FOOD_COURT,2025-09-01T09:09:21
R1197,A324,HALL_A,2025-09-01T11:01:06
R1011,A388,HALL_C,2025-09-01T08:07:41
R1078,A157,FOOD_COURT,2025-09-01T09:23:31
R1090,A336,HALL_B,2025-09-01T10:14:28
R1112,A173,LOBBY,2025-09-01T16:48:26
R1119,A192,HALL_B,2025-09-01T12:00:24
R1134,A246,HALL_C,2025-09-01T12:13:11
R1236,A188,HALL_A,2025-09-01T17:55:11
R1127,A231,LOBBY,2025-09-01T16:59:40
R1251,A253,HALL_A,2025-09-01T11:45:39
R1246,A282,HALL_C,2025-09-01T09:37:43
R1116,A369,LOBBY,2025-09-01T10:06:06
R1154,A224,HALL_C,2025-09-01T10:32:26
R1006,A219,HALL_C,2025-09-01T17:06:23
R1122,A198,HALL_B,2025-09-01T13:43:12
R1029,A225,HALL_B,2025-09-01T08:43:02
R1159,A229,HALL_B,2025-09-01T09:05:25
R1131,A229,HALL_A,2025-09-01T16:02:32
R1091,A237,FOOD_COURT,2025-09-01T10:53:57
R1026,A114,HALL_B,2025-09-01T09:05:23
R1163,A119,HALL_B,2025-09-01T16:50:50
R1077,A186,HALL_B,2025-09-01T15:12:35
R1046,A113,LOBBY,2025-09-01T16:12:35
R1023,A119,FOOD_COURT,2025-09-01T16:04:35
R1135,A118,HALL_A,2025-09-01T16:40:17
R1267,A168,LOBBY,2025-09-01T10:53:35
R1136,A273,HALL_C,2025-09-01T16:26:23
R1020,A373,HALL_A,2025-09-01T12:03:11
R1155,A164,FOOD_COURT,2025-09-01T08:36:40
R1169,A281,HALL_C,2025-09-01T13:06:31
R1194,A282,HALL_A,2025-09-01T17:41:33
R1055,A398,HALL_C,2025-09-01T08:25:47
R1169,A196,FOOD_COURT,2025-09-01T10:08:13
R1187,A176,HALL_A,2025-09-01T09:54:24
R1080,A142,LOBBY,2025-09-01T10:20:13
R1001,A220,HALL_A,2025-09-01T10:51:05
R1257,A201,HALL_B,2025-09-01T17:27:30
R1175,A290,HALL_B,2025-09-01T11:44:53
R1031,A323,LOBBY,2025-09-01T15:37:16
R1177,A368,LOBBY,2025-09-01T16:17:23
R1278,A375,HALL_B,2025-09-01T08:03:31
R1209,A388,FOOD_COURT,2025-09-01T08:34:42
R1141,A333,HALL_C,2025-09-01T10:26:04
R1107,A383,LOBBY,2025-09-01T16:34:37
R1126,A229,HALL_A,2025-09-01T15:40:47
R1238,A319,FOOD_COURT,2025-09-01T16:49:48
R1297,A397,HALL_B,2025-09-01T10:02:43
R1208,A219,HALL_C,2025-09-01T13:13:57
R1093,A398,HALL_B,2025-09-01T16:54:32
R1004,A285,LOBBY,2025-09-01T08:43:23
R1101,A322,FOOD_COURT,2025-09-01T15:18:49
R1177,A357,HALL_A,2025-09-01T08:01:16
R1099,A317,HALL_B,2025-09-01T13:45:02
R1068,A272,HALL_A,2025-09-01T16:15:53
R1300,A171,LOBBY,2025-09-01T14:00:34
R1175,A166,LOBBY,2025-09-01T17:57:13
R1272,A318,LOBBY,2025-09-01T08:19:44
R1121,A192,HALL_A,2025-09-01T10:58:42
R1016,A129,FOOD_COURT,2025-09-01T17:13:19
R1236,A125,HALL_A,2025-09-01T08:59:05
R1160,A172,HALL_B,2025-09-01T11:57:09
R1282,A108,LOBBY,2025-09-01T14:25:41
R1001,A333,HALL_A,2025-09-01T10:20:19
R1266,A300,HALL_A,2025-09-01T13:11:15
R1025,A149,FOOD_COURT,2025-09-01T14:40:49
R1127,A150,HALL_A,2025-09-01T14:00:17
R1103,A154,HALL_B,2025-09-01T12:42:59
R1220,A186,HALL_A,2025-09-01T11:42:41
R1159,A155,HALL_C,2025-09-01T15:08:55
R1033,A258,FOOD_COURT,2025-09-01T12:38:52
R1069,A234,HALL_C,2025-09-01T10:44:32
R1051,A286,LOBBY,2025-09-01T13:10:46
R1243,A149,HALL_C,2025-09-01T10:57:25
R1226,A216,HALL_A,2025-09-01T17:19:10
R1230,A240,HALL_C,2025-09-01T16:18:21
R1275,A331,HALL_C,2025-09-01T12:08:46
R1069,A364,HALL_C,2025-09-01T13:35:53
R1028,A252,FOOD_COURT,2025-09-01T09:04:40
R1155,A363,HALL_A,2025-09-01T09:10:00
R1158,A286,HALL_B,2025-09-01T17:17:16
R1281,A369,HALL_A,2025-09-01T15:07:30
R1085,A205,LOBBY,2025-09-01T17:40:37
R1288,A242,LOBBY,2025-09-01T13:24:46
R1044,A384,HALL_A,2025-09-01T14:54:53
R1162,A352,FOOD_COURT,2025-09-01T14:50:50
R1070,A246,HALL_A,2025-09-01T15:28:37
R1210,A226,HALL_A,2025-09-01T08:34:31
R1244,A194,LOBBY,2025-09-01T09:31:11
R1049,A272,HALL_C,2025-09-01T09:59:27
R1217,A317,HALL_B,2025-09-01T10:45:00
R1252,A367,HALL_C,2025-09-01T12:29:49
R1070,A289,HALL_A,2025-09-01T12:40:08
R1015,A149,FOOD_COURT,2025-09-01T15:16:36
R1024,A151,HALL_B,2025-09-01T10:19:05
R1124,A157,HALL_A,2025-09-01T08:15:44
R1011,A228,HALL_C,2025-09-01T13:19:04
R1052,A378,FOOD_COURT,2025-09-01T14:44:17
R1256,A365,HALL_C,2025-09-01T15:06:57
R1191,A132,HALL_B,2025-09-01T09:55:29
R1234,A360,LOBBY,2025-09-01T12:13:41
R1202,A232,HALL_C,2025-09-01T10:23:45
R1062,A157,LOBBY,2025-09-01T11:14:52
R1174,A231,HALL_A,2025-09-01T16:46:55
R1104,A151,HALL_B,2025-09-01T10:40:42
R1270,A203,HALL_C,2025-09-01T10:26:01
R1011,A141,HALL_B,2025-09-01T15:41:16
R1204,A156,HALL_B,2025-09-01T10:17:48
R1200,A216,FOOD_COURT,2025-09-01T16:31:19
R1095,A315,HALL_A,2025-09-01T15:10:16
R1228,A256,LOBBY,2025-09-01T08:37:48
R1161,A160,HALL_A,2025-09-01T09:42:17
R1041,A289,LOBBY,2025-09-01T17:49:42
R1042,A120,FOOD_COURT,2025-09-01T17:39:31
R1115,A198,HALL_A,2025-09-01T16:52:22
R1298,A134,FOOD_COURT,2025-09-01T17:23:55
R1201,A175,HALL_A,2025-09-01T14:33:57
R1203,A103,LOBBY,2025-09-01T12:50:52
R1281,A128,FOOD_COURT,2025-09-01T08:53:11
R1168,A148,HALL_B,2025-09-01T12:14:47
R1042,A163,FOOD_COURT,2025-09-01T08:26:15
R1081,A101,FOOD_COURT,2025-09-01T14:22:56
R1256,A176,LOBBY,2025-09-01T17:48:54
R1027,A101,FOOD_COURT,2025-09-01T16:36:24
R1039,A189,FOOD_COURT,2025-09-01T17:52:50
R1149,A313,HALL_A,2025-09-01T15:10:15
R1120,A166,HALL_C,2025-09-01T17:15:56
R1152,A194,HALL_C,2025-09-01T17:40:14
R1146,A330,HALL_B,2025-09-01T09:57:18
R1024,A370,LOBBY,2025-09-01T14:10:43
R1063,A312,LOBBY,2025-09-01T15:13:58
R1046,A258,FOOD_COURT,2025-09-01T13:39:30
R1247,A233,HALL_C,2025-09-01T12:20:03
R1225,A359,LOBBY,2025-09-01T08:12:13
R1136,A135,HALL_A,2025-09-01T13:57:34
R1041,A261,FOOD_COURT,2025-09-01T17:53:31
R1300,A328,HALL_A,2025-09-01T08:29:38
R1006,A181,HALL_A,2025-09-01T10:24:00
R1270,A349,HALL_B,2025-09-01T13:17:31
R1264,A107,HALL_C,2025-09-01T15:34:33
R1069,A270,FOOD_COURT,2025-09-01T09:56:35
R1201,A153,HALL_C,2025-09-01T13:11:31
R1183,A353,HALL_B,2025-09-01T16:42:19
R1048,A160,LOBBY,2025-09-01T15:46:17
R1054,A142,HALL_C,2025-09-01T12:28:43
R1076,A109,HALL_A,2025-09-01T16:20:05
R1086,A377,HALL_B,2025-09-01T08:34:15
R1284,A145,LOBBY,2025-09-01T10:24:01
R1106,A191,HALL_A,2025-09-01T11:08:26
R1250,A345,HALL_B,2025-09-01T16:04:26
R1130,A354,FOOD_COURT,2025-09-01T08:43:25
R1147,A270,LOBBY,2025-09-01T16:48:38
R1075,A293,LOBBY,2025-09-01T10:40:48
R1106,A374,FOOD_COURT,2025-09-01T12:15:35
R1066,A227,FOOD_COURT,2025-09-01T17:58:36
R1046,A354,HALL_C,2025-09-01T14:21:22
R1106,A208,FOOD_COURT,2025-09-01T15:31:43
R1168,A193,LOBBY,2025-09-01T13:55:49
R1101,A203,LOBBY,2025-09-01T08:09:31
R1274,A386,HALL_B,2025-09-01T09:01:18
R1034,A200,FOOD_COURT,2025-09-01T13:35:47
R1280,A117,HALL_A,2025-09-01T17:02:14
R1093,A113,HALL_C,2025-09-01T17:25:13
R1056,A165,FOOD_COURT,2025-09-01T10:40:47
R1300,A396,HALL_A,2025-09-01T17:28:46
R1176,A397,FOOD_COURT,2025-09-01T10:01:05
R1238,A122,HALL_A,2025-09-01T12:01:33
R1007,A141,HALL_B,2025-09-01T09:13:56
R1299,A382,FOOD_COURT,2025-09-01T11:15:18
R1162,A151,HALL_B,2025-09-01T14:33:48
R1300,A400,FOOD_COURT,2025-09-01T16:31:24
R1144,A235,HALL_B,2025-09-01T13:26:16
R1026,A375,FOOD_COURT,2025-09-01T15:21:44
R1300,A390,HALL_C,2025-09-01T10:49:46
R1258,A322,HALL_A,2025-09-01T16:45:16
R1254,A241,LOBBY,2025-09-01T11:48:02
R1133,A131,LOBBY,2025-09-01T16:18:11
R1207,A265,HALL_B,2025-09-01T14:13:22
R1093,A329,HALL_B,2025-09-01T08:40:41
R1021,A277,LOBBY,2025-09-01T14:31:17
R1143,A183,FOOD_COURT,2025-09-01T12:59:42
R1193,A374,LOBBY,2025-09-01T11:25:44
R1087,A283,LOBBY,2025-09-01T16:57:30
R1146,A234,HALL_C,2025-09-01T08:02:33
R1118,A191,HALL_C,2025-09-01T17:25:58
R1111,A312,HALL_C,2025-09-01T08:45:30
R1196,A384,FOOD_COURT,2025-09-01T12:48:21
R1007,A336,LOBBY,2025-09-01T08:37:36
R1268,A378,LOBBY,2025-09-01T12:22:43
R1056,A161,HALL_C,2025-09-01T14:46:02
R1058,A357,HALL_A,2025-09-01T11:57:04
R1260,A306,HALL_A,2025-09-01T14:39:10
R1215,A267,LOBBY,2025-09-01T14:26:34
R1289,A121,HALL_B,2025-09-01T13:07:54
R1125,A359,LOBBY,2025-09-01T15:06:16
R1047,A373,HALL_B,2025-09-01T17:24:07
R1203,A293,FOOD_COURT,2025-09-01T17:51:32
R1026,A155,HALL_C,2025-09-01T15:29:32
R1103,A190,HALL_C,2025-09-01T11:10:25
R1262,A304,FOOD_COURT,2025-09-01T08:55:51
R1297,A117,HALL_A,2025-09-01T14:37:09
R1289,A368,HALL_A,2025-09-01T09:39:11
R1129,A393,FOOD_COURT,2025-09-01T13:23:25
R1247,A212,HALL_A,2025-09-01T09:19:39
R1226,A348,HALL_B,2025-09-01T08:13:21
R1210,A252,LOBBY,2025-09-01T15:21:37
R1081,A288,HALL_C,2025-09-01T09:36:42
R1236,A283,FOOD_COURT,2025-09-01T16:57:25
R1009,A325,HALL_B,2025-09-01T15:28:26
R1082,A142,HALL_C,2025-09-01T11:35:33
R1053,A342,HALL_A,2025-09-01T17:51:14
R1286,A197,LOBBY,2025-09-01T15:19:47
R1273,A307,HALL_B,2025-09-01T11:52:52
R1080,A171,LOBBY,2025-09-01T08:19:57
R1044,A301,LOBBY,2025-09-01T15:41:34
R1140,A375,LOBBY,2025-09-01T16:48:50
R1002,A269,HALL_B,2025-09-01T11:54:10
R1157,A350,HALL_C,2025-09-01T13:06:29
R1084,A187,HALL_C,2025-09-01T16:42:51
R1123,A197,HALL_A,2025-09-01T14:20:11
R1243,A211,HALL_B,2025-09-01T10:14:31
R1225,A276,LOBBY,2025-09-01T08:35:02
R1252,A285,FOOD_COURT,2025-09-01T13:01:38
R1012,A213,FOOD_COURT,2025-09-01T08:49:34
R1089,A265,HALL_A,2025-09-01T10:55:26
R1016,A320,HALL_C,2025-09-01T09:27:23
R1218,A367,HALL_A,2025-09-01T17:20:12
R1173,A278,HALL_C,2025-09-01T11:05:58
R1187,A296,HALL_C,2025-09-01T08:13:59
R1142,A145,HALL_C,2025-09-01T09:59:27
R1214,A147,HALL_A,2025-09-01T16:37:12
R1112,A275,HALL_B,2025-09-01T17:04:57
R1058,A359,FOOD_COURT,2025-09-01T16:52:40
R1113,A364,FOOD_COURT,2025-09-01T12:28:58
R1234,A367,HALL_C,2025-09-01T10:03:15
R1273,A335,LOBBY,2025-09-01T08:49:18
R1125,A197,HALL_C,2025-09-01T13:46:27
R1053,A119,HALL_B,2025-09-01T08:13:23
R1163,A287,HALL_C,2025-09-01T15:42:49
R1025,A354,HALL_B,2025-09-01T16:06:53
R1087,A110,HALL_C,2025-09-01T15:01:36
R1044,A323,HALL_A,2025-09-01T13:48:20
R1009,A318,HALL_C,2025-09-01T08:30:13
R1198,A234,HALL_B,2025-09-01T10:07:28
R1108,A252,HALL_B,2025-09-01T11:16:39
R1284,A338,HALL_A,2025-09-01T12:59:11
R1271,A188,LOBBY,2025-09-01T13:31:43
R1209,A330,LOBBY,2025-09-01T10:55:46
R1169,A398,HALL_C,2025-09-01T11:37:21
R1077,A228,HALL_A,2025-09-01T10:09:44
R1202,A306,FOOD_COURT,2025-09-01T12:46:58
R1085,A184,HALL_B,2025-09-01T11:39:26
R1044,A247,LOBBY,2025-09-01T10:24:01
R1231,A251,HALL_C,2025-09-01T13:03:28
R1136,A259,HALL_A,2025-09-01T16:33:13
R1281,A208,LOBBY,2025-09-01T11:04:56
R1195,A206,HALL_A,2025-09-01T17:32:10
R1210,A207,FOOD_COURT,2025-09-01T13:37:00
R1097,A199,FOOD_COURT,2025-09-01T17:51:08
R1081,A366,FOOD_COURT,2025-09-01T17:44:44
R1259,A251,HALL_C,2025-09-01T09:16:37
R1226,A286,HALL_B,2025-09-01T16:47:17
R1261,A300,HALL_B,2025-09-01T08:08:03
R1078,A281,HALL_B,2025-09-01T10:51:13
R1208,A145,LOBBY,2025-09-01T16:01:50
R1210,A352,LOBBY,2025-09-01T17:05:16
R1073,A262,HALL_A,2025-09-01T14:31:25
R1298,A301,HALL_C,2025-09-01T08:32:13
R1300,A179,LOBBY,2025-09-01T09:24:01
R1046,A173,LOBBY,2025-09-01T08:16:11
R1130,A366,HALL_B,2025-09-01T17:02:19
R1102,A207,HALL_C,2025-09-01T15:22:00
R1245,A285,HALL_A,2025-09-01T16:07:29
R1056,A201,LOBBY,2025-09-01T17:52:05
R1156,A361,HALL_C,2025-09-01T09:38:08
R1139,A244,HALL_C,2025-09-01T16:11:27
R1136,A110,LOBBY,2025-09-01T14:37:03
R1171,A372,HALL_A,2025-09-01T16:40:26
R1128,A141,HALL_A,2025-09-01T16:57:29
R1011,A244,HALL_B,2025-09-01T16:30:42
R1056,A157,HALL_C,2025-09-01T16:23:37
R1074,A260,HALL_A,2025-09-01T12:57:40
R1281,A218,HALL_C,2025-09-01T17:59:09
R1017,A296,LOBBY,2025-09-01T10:49:40
R1263,A268,HALL_A,2025-09-01T13:39:24
R1100,A191,FOOD_COURT,2025-09-01T10:34:01
R1101,A291,HALL_C,2025-09-01T11:14:51
R1090,A313,LOBBY,2025-09-01T17:57:54
R1102,A192,HALL_C,2025-09-01T11:29:22
R1074,A245,LOBBY,2025-09-01T15:32:24
R1140,A367,FOOD_COURT,2025-09-01T16:40:36
R1012,A315,HALL_A,2025-09-01T16:25:14
R1107,A361,LOBBY,2025-09-01T08:00:28
R1116,A188,HALL_B,2025-09-01T16:06:59
R1151,A330,HALL_A,2025-09-01T15:58:35
R1160,A290,HALL_C,2025-09-01T17:34:14
R1207,A288,FOOD_COURT,2025-09-01T08:32:38
R1111,A208,LOBBY,2025-09-01T13:33:14
R1065,A207,FOOD_COURT,2025-09-01T16:24:05
R1029,A305,HALL_C,2025-09-01T17:09:00
R1127,A263,FOOD_COURT,2025-09-01T15:21:11
R1049,A136,HALL_B,2025-09-01T11:07:46
R1218,A386,FOOD_COURT,2025-09-01T11:53:10
R1242,A105,HALL_B,2025-09-01T09:08:49
R1119,A383,HALL_A,2025-09-01T12:46:28
R1183,A180,HALL_A,2025-09-01T12:05:47
R1037,A220,HALL_A,2025-09-01T17:18:57
R1278,A224,HALL_C,2025-09-01T17:22:16
R1114,A367,FOOD_COURT,2025-09-01T11:21:30
R1274,A246,HALL_B,2025-09-01T16:13:47
R1264,A188,HALL_C,2025-09-01T17:59:26
R1228,A132,HALL_A,2025-09-01T15:38:52
R1236,A204,FOOD_COURT,2025-09-01T14:21:22
R1005,A253,FOOD_COURT,2025-09-01T11:09:32
R1083,A247,HALL_C,2025-09-01T14:59:42
R1097,A140,HALL_A,2025-09-01T09:16:08
R1142,A337,HALL_A,2025-09-01T14:38:00
R1290,A389,HALL_A,2025-09-01T10:26:52
R1296,A151,LOBBY,2025-09-01T11:24:01
R1054,A378,HALL_C,2025-09-01T10:22:12
R1165,A139,HALL_B,2025-09-01T13:43:04
R1087,A324,LOBBY,2025-09-01T11:49:39
R1076,A358,HALL_A,2025-09-01T12:09:03
R1162,A381,HALL_A,2025-09-01T10:25:38
R1060,A325,LOBBY,2025-09-01T10:15:59
R1240,A215,HALL_C,2025-09-01T12:30:48
R1272,A384,FOOD_COURT,2025-09-01T11:09:08
R1236,A209,HALL_C,2025-09-01T08:28:18
R1289,A326,LOBBY,2025-09-01T16:39:49
R1146,A369,HALL_B,2025-09-01T13:26:30
R1271,A121,HALL_B,2025-09-01T12:28:48
R1123,A374,HALL_C,2025-09-01T13:53:24
R1039,A237,HALL_B,2025-09-01T16:07:04
R1177,A113,HALL_A,2025-09-01T15:42:57
R1138,A346,HALL_C,2025-09-01T17:37:37
R1113,A348,HALL_C,2025-09-01T17:56:52
R1151,A197,FOOD_COURT,2025-09-01T17:48:51
R1068,A362,HALL_C,2025-09-01T10:13:11
R1061,A113,LOBBY,2025-09-01T10:44:03
R1123,A249,FOOD_COURT,2025-09-01T16:33:26
R1150,A344,HALL_A,2025-09-01T13:31:30
R1043,A129,HALL_B,2025-09-01T17:09:58
R1110,A201,HALL_A,2025-09-01T14:18:19
R1216,A389,LOBBY,2025-09-01T10:18:27
R1085,A357,LOBBY,2025-09-01T12:34:18
R1223,A375,FOOD_COURT,2025-09-01T11:17:27
R1178,A285,HALL_C,2025-09-01T13:17:45
R1183,A198,HALL_B,2025-09-01T14:54:02
R1058,A204,HALL_B,2025-09-01T15:49:11
R1044,A190,HALL_A,2025-09-01T17:21:27
R1102,A159,HALL_C,2025-09-01T10:49:21
R1132,A185,FOOD_COURT,2025-09-01T09:41:30
R1133,A273,LOBBY,2025-09-01T09:02:07
R1165,A126,HALL_B,2025-09-01T11:36:43
R1017,A130,FOOD_COURT,2025-09-01T17:32:29
R1286,A237,HALL_C,2025-09-01T12:50:56
R1284,A269,LOBBY,2025-09-01T08:25:43
R1226,A209,HALL_A,2025-09-01T17:50:09
R1273,A202,LOBBY,2025-09-01T15:24:44
R1129,A196,HALL_C,2025-09-01T13:30:16
R1111,A166,FOOD_COURT,2025-09-01T13:17:11
R1085,A318,HALL_B,2025-09-01T15:58:21
R1195,A249,HALL_A,2025-09-01T12:21:08
R1046,A128,LOBBY,2025-09-01T17:25:15
R1292,A357,HALL_A,2025-09-01T08:57:34
R1166,A118,LOBBY,2025-09-01T17:03:36
R1099,A272,LOBBY,2025-09-01T14:23:05
R1196,A327,HALL_C,2025-09-01T11:04:55
R1274,A377,LOBBY,2025-09-01T08:46:28
R1264,A298,HALL_A,2025-09-01T15:34:08
R1278,A250,FOOD_COURT,2025-09-01T08:45:38
R1126,A245,LOBBY,2025-09-01T10:59:20
R1140,A103,HALL_C,2025-09-01T10:08:32
R1032,A250,HALL_A,2025-09-01T15:25:04
R1237,A282,HALL_B,2025-09-01T12:17:20
R1036,A310,HALL_B,2025-09-01T10:27:55
R1248,A383,HALL_A,2025-09-01T08:57:41
R1062,A307,HALL_C,2025-09-01T14:28:33
R1238,A192,FOOD_COURT,2025-09-01T11:26:01
R1032,A329,HALL_A,2025-09-01T14:12:40
R1191,A399,HALL_B,2025-09-01T17:41:46
R1037,A181,FOOD_COURT,2025-09-01T14:50:17
R1037,A359,LOBBY,2025-09-01T15:16:11
R1105,A341,HALL_B,2025-09-01T12:18:13
R1296,A293,HALL_C,2025-09-01T16:01:11
R1055,A375,HALL_A,2025-09-01T14:40:00
R1030,A393,FOOD_COURT,2025-09-01T17:32:24
R1036,A295,LOBBY,2025-09-01T17:23:47
R1052,A104,HALL_A,2025-09-01T16:22:54
R1070,A359,HALL_A,2025-09-01T10:30:11
R1234,A186,HALL_B,2025-09-01T14:36:31
R1147,A190,HALL_A,2025-09-01T10:54:24
R1082,A324,HALL_C,2025-09-01T09:14:49
R1060,A390,HALL_C,2025-09-01T15:48:50
R1039,A357,HALL_A,2025-09-01T08:26:45
R1186,A230,LOBBY,2025-09-01T12:50:53
R1265,A373,HALL_C,2025-09-01T13:41:02
R1182,A269,HALL_A,2025-09-01T11:32:32
R1203,A171,HALL_C,2025-09-01T17:47:46
R1049,A167,HALL_B,2025-09-01T14:56:28
R1079,A245,FOOD_COURT,2025-09-01T14:31:50
R1290,A341,LOBBY,2025-09-01T17:56:34
R1164,A150,HALL_C,2025-09-01T14:45:01
R1009,A184,LOBBY,2025-09-01T14:22:36
R1137,A114,HALL_A,2025-09-01T15:15:44
R1268,A232,HALL_A,2025-09-01T16:51:32
R1294,A255,HALL_C,2025-09-01T15:15:46
R1170,A157,HALL_C,2025-09-01T15:23:26
R1007,A189,HALL_A,2025-09-01T17:18:11
R1268,A209,HALL_B,2025-09-01T11:29:37
R1004,A357,HALL_B,2025-09-01T16:02:24
R1209,A257,FOOD_COURT,2025-09-01T10:35:43
R1173,A328,LOBBY,2025-09-01T16:07:57
R1038,A289,LOBBY,2025-09-01T16:20:45
R1183,A393,HALL_A,2025-09-01T11:21:07
R1112,A267,HALL_A,2025-09-01T08:46:54
R1156,A365,LOBBY,2025-09-01T12:08:20
R1267,A359,LOBBY,2025-09-01T17:35:48
R1292,A386,HALL_C,2025-09-01T08:40:00
R1262,A311,HALL_B,2025-09-01T13:02:43
R1254,A398,LOBBY,2025-09-01T11:05:30
R1188,A246,LOBBY,2025-09-01T17:23:52
R1009,A361,HALL_C,2025-09-01T17:14:10
R1157,A275,HALL_C,2025-09-01T13:16:12
R1106,A177,HALL_B,2025-09-01T10:12:25
R1001,A396,HALL_B,2025-09-01T09:41:19
R1188,A314,HALL_C,2025-09-01T15:36:51
R1240,A129,FOOD_COURT,2025-09-01T15:43:24
R1081,A184,HALL_A,2025-09-01T08:55:24
R1139,A159,LOBBY,2025-09-01T09:27:53
R1228,A259,HALL_C,2025-09-01T17:45:23
R1278,A164,LOBBY,2025-09-01T11:28:58
R1018,A120,HALL_C,2025-09-01T13:43:22
R1232,A339,LOBBY,2025-09-01T15:23:55
R1097,A400,LOBBY,2025-09-01T16:45:47
R1289,A307,HALL_B,2025-09-01T10:24:23
R1185,A383,HALL_C,2025-09-01T14:17:06
R1006,A187,HALL_C,2025-09-01T17:40:08
R1160,A291,HALL_B,2025-09-01T17:41:53
R1029,A308,LOBBY,2025-09-01T09:38:26
R1235,A331,FOOD_COURT,2025-09-01T17:17:03
R1283,A334,HALL_A,2025-09-01T13:17:14
R1098,A109,HALL_B,2025-09-01T12:48:00
R1260,A175,FOOD_COURT,2025-09-01T15:35:43
R1001,A127,HALL_C,2025-09-01T16:51:38
R1250,A277,FOOD_COURT,2025-09-01T12:15:47
R1215,A325,LOBBY,2025-09-01T08:32:03
R1082,A398,LOBBY,2025-09-01T14:42:51
R1007,A174,HALL_B,2025-09-01T11:39:52
R1147,A120,HALL_A,2025-09-01T15:27:31
R1047,A275,HALL_C,2025-09-01T12:58:17
R1146,A383,HALL_C,2025-09-01T10:03:41
R1258,A313,FOOD_COURT,2025-09-01T14:01:56
R1065,A200,HALL_C,2025-09-01T13:36:17
R1086,A358,FOOD_COURT,2025-09-01T17:59:19
R1275,A163,FOOD_COURT,2025-09-01T13:50:00
R1178,A226,FOOD_COURT,2025-09-01T16:30:41
R1168,A352,FOOD_COURT,2025-09-01T12:19:18
R1208,A399,LOBBY,2025-09-01T16:26:20
R1249,A398,HALL_C,2025-09-01T11:37:31
R1284,A160,FOOD_COURT,2025-09-01T15:17:39
R1281,A207,HALL_C,2025-09-01T16:48:51
R1176,A381,HALL_C,2025-09-01T16:57:13
R1287,A323,HALL_A,2025-09-01T13:05:56
R1261,A283,HALL_A,2025-09-01T16:57:22
R1262,A164,HALL_A,2025-09-01T10:23:45
R1075,A158,HALL_A,2025-09-01T09:13:20
R1106,A254,HALL_A,2025-09-01T15:22:32
R1278,A181,HALL_A,2025-09-01T14:57:50
R1050,A123,HALL_C,2025-09-01T09:01:44
R1294,A208,HALL_C,2025-09-01T08:43:34
R1066,A205,HALL_B,2025-09-01T08:35:32
R1235,A225,HALL_A,2025-09-01T14:08:29
R1173,A322,FOOD_COURT,2025-09-01T13:03:42
R1113,A114,HALL_A,2025-09-01T09:31:18
R1260,A255,FOOD_COURT,2025-09-01T15:29:40
R1297,A164,LOBBY,2025-09-01T15:41:48
R1204,A385,LOBBY,2025-09-01T16:15:26
R1283,A162,HALL_B,2025-09-01T08:52:02
R1044,A169,LOBBY,2025-09-01T14:08:38
R1146,A186,FOOD_COURT,2025-09-01T13:16:46
R1183,A224,HALL_A,2025-09-01T16:33:58
R1136,A171,HALL_A,2025-09-01T15:52:15
R1227,A252,FOOD_COURT,2025-09-01T12:36:23
R1226,A135,HALL_B,2025-09-01T08:24:50
R1214,A273,HALL_B,2025-09-01T08:19:16
R1193,A196,LOBBY,2025-09-01T14:57:23
R1008,A371,HALL_C,2025-09-01T11:26:41
R1165,A364,HALL_C,2025-09-01T16:12:23
R1022,A194,HALL_B,2025-09-01T13:18:34
R1271,A116,HALL_A,2025-09-01T09:04:08
R1115,A352,LOBBY,2025-09-01T10:48:50
R1234,A143,HALL_B,2025-09-01T08:45:12
R1063,A123,HALL_C,2025-09-01T16:56:18
R1249,A373,HALL_C,2025-09-01T14:48:17
R1058,A302,HALL_B,2025-09-01T09:48:58
R1159,A271,HALL_A,2025-09-01T12:36:38
R1098,A253,HALL_C,2025-09-01T12:28:23
R1253,A209,HALL_B,2025-09-01T17:04:57
R1277,A304,HALL_A,2025-09-01T08:33:11
R1248,A209,HALL_C,2025-09-01T17:05:56
R1209,A333,LOBBY,2025-09-01T13:39:19
R1029,A392,HALL_A,2025-09-01T14:19:15
R1053,A105,HALL_A,2025-09-01T10:40:36
R1146,A218,HALL_C,2025-09-01T15:16:00
R1252,A147,HALL_C,2025-09-01T10:04:49
R1024,A389,HALL_A,2025-09-01T16:11:31
R1264,A259,LOBBY,2025-09-01T09:22:39
R1211,A344,HALL_B,2025-09-01T14:13:32
R1291,A176,HALL_C,2025-09-01T11:05:00
R1209,A299,LOBBY,2025-09-01T15:06:57
R1070,A332,HALL_C,2025-09-01T12:39:53
R1236,A210,HALL_C,2025-09-01T14:26:01
R1069,A159,HALL_A,2025-09-01T15:15:20
R1209,A311,HALL_A,2025-09-01T17:09:45
R1267,A153,HALL_B,2025-09-01T12:45:11
R1198,A314,HALL_C,2025-09-01T16:35:05
R1091,A131,HALL_C,2025-09-01T17:21:46
R1257,A153,FOOD_COURT,2025-09-01T11:11:39
R1261,A109,HALL_C,2025-09-01T12:10:46
R1163,A339,FOOD_COURT,2025-09-01T08:19:50
R1083,A391,FOOD_COURT,2025-09-01T17:39:59
R1062,A392,HALL_B,2025-09-01T16:12:56
R1264,A125,FOOD_COURT,2025-09-01T08:06:14
R1293,A223,LOBBY,2025-09-01T09:18:05
R1034,A149,HALL_B,2025-09-01T14:36:41
R1053,A224,HALL_A,2025-09-01T15:02:29
R1055,A147,LOBBY,2025-09-01T16:19:44
R1155,A122,HALL_A,2025-09-01T13:59:17
R1209,A300,HALL_A,2025-09-01T15:25:14
R1191,A275,HALL_C,2025-09-01T13:17:32
R1136,A333,FOOD_COURT,2025-09-01T15:23:04
R1298,A140,LOBBY,2025-09-01T14:39:33
R1076,A124,HALL_A,2025-09-01T14:28:40
R1269,A350,LOBBY,2025-09-01T09:35:37
R1043,A231,FOOD_COURT,2025-09-01T14:28:11
R1157,A331,FOOD_COURT,2025-09-01T14:31:55
R1058,A333,HALL_C,2025-09-01T16:33:46
R1143,A313,HALL_A,2025-09-01T11:24:05
R1300,A367,LOBBY,2025-09-01T13:15:11
R1142,A111,HALL_C,2025-09-01T08:52:00
R1094,A345,FOOD_COURT,2025-09-01T15:24:39
R1053,A374,HALL_B,2025-09-01T15:50:07
R1254,A226,HALL_C,2025-09-01T14:55:56
R1157,A340,HALL_B,2025-09-01T09:57:08
R1005,A193,FOOD_COURT,2025-09-01T14:01:06
R1289,A200,HALL_B,2025-09-01T10:24:11
R1046,A292,HALL_B,2025-09-01T11:52:38
R1174,A181,HALL_B,2025-09-01T08:39:12
R1227,A398,HALL_C,2025-09-01T10:57:30
R1284,A113,HALL_A,2025-09-01T09:35:16
R1260,A168,FOOD_COURT,2025-09-01T15:13:08
R1133,A151,HALL_B,2025-09-01T09:54:55
R1073,A260,HALL_C,2025-09-01T14:27:36
R1159,A122,HALL_C,2025-09-01T15:35:36
R1032,A327,HALL_B,2025-09-01T08:59:04
R1274,A123,LOBBY,2025-09-01T09:25:32
R1158,A251,FOOD_COURT,2025-09-01T14:01:37
R1010,A365,LOBBY,2025-09-01T10:21:11
R1224,A397,HALL_A,2025-09-01T13:17:51
R1204,A306,HALL_A,2025-09-01T17:18:55
R1052,A328,LOBBY,2025-09-01T16:09:57
R1082,A229,HALL_B,2025-09-01T09:01:58
R1174,A331,HALL_A,2025-09-01T09:34:16
R1034,A313,LOBBY,2025-09-01T11:51:04
R1229,A375,HALL_C,2025-09-01T16:18:46
R1204,A126,HALL_C,2025-09-01T08:21:48
R1224,A258,HALL_B,2025-09-01T10:52:30
R1081,A161,HALL_C,2025-09-01T16:18:10
R1074,A247,HALL_B,2025-09-01T10:19:31
R1208,A299,LOBBY,2025-09-01T15:35:19
R1147,A389,FOOD_COURT,2025-09-01T14:56:11
R1080,A208,LOBBY,2025-09-01T12:30:55
R1085,A347,HALL_B,2025-09-01T13:16:39
R1110,A354,HALL_A,2025-09-01T09:26:33
R1151,A265,HALL_C,2025-09-01T08:16:29
R1013,A366,LOBBY,2025-09-01T16:16:16
R1153,A135,HALL_C,2025-09-01T17:49:44
R1017,A400,HALL_B,2025-09-01T13:14:20
R1255,A247,FOOD_COURT,2025-09-01T11:11:10
R1089,A390,LOBBY,2025-09-01T08:02:28
R1283,A392,HALL_C,2025-09-01T08:24:04
R1073,A248,HALL_A,2025-09-01T09:09:26
R1027,A332,FOOD_COURT,2025-09-01T16:27:25
R1171,A332,HALL_C,2025-09-01T09:16:26
R1198,A191,FOOD_COURT,2025-09-01T15:26:38
R1106,A269,HALL_B,2025-09-01T17:21:46
R1106,A200,HALL_A,2025-09-01T13:49:37
R1001,A366,LOBBY,2025-09-01T14:04:12
R1037,A127,FOOD_COURT,2025-09-01T17:25:02
R1063,A227,LOBBY,2025-09-01T16:09:43
R1250,A178,HALL_C,2025-09-01T12:38:00
R1173,A330,LOBBY,2025-09-01T17:48:37
R1151,A234,LOBBY,2025-09-01T13:52:52
R1035,A285,FOOD_COURT,2025-09-01T14:10:32
R1008,A104,HALL_A,2025-09-01T14:19:41
R1036,A340,HALL_C,2025-09-01T13:17:47
R1059,A396,HALL_C,2025-09-01T09:29:30
R1241,A142,HALL_A,2025-09-01T12:34:13
R1125,A384,FOOD_COURT,2025-09-01T16:57:36
R1067,A190,HALL_C,2025-09-01T08:24:39
R1008,A284,LOBBY,2025-09-01T09:07:27
R1255,A169,HALL_C,2025-09-01T08:17:03
R1237,A363,HALL_C,2025-09-01T08:34:48
R1143,A234,LOBBY,2025-09-01T12:08:47
R1084,A326,HALL_C,2025-09-01T17:46:15
R1257,A326,HALL_C,2025-09-01T10:46:54
R1284,A291,FOOD_COURT,2025-09-01T10:48:31
R1258,A152,LOBBY,2025-09-01T16:52:17
R1200,A127,HALL_A,2025-09-01T09:23:25
R1158,A367,LOBBY,2025-09-01T17:38:02
R1097,A120,HALL_C,2025-09-01T12:54:15
R1133,A196,LOBBY,2025-09-01T16:01:48
R1163,A323,HALL_B,2025-09-01T12:12:41
R1088,A351,HALL_A,2025-09-01T15:42:19
R1011,A340,FOOD_COURT,2025-09-01T09:03:51
R1190,A150,HALL_B,2025-09-01T17:48:10
R1266,A194,HALL_B,2025-09-01T09:17:21
R1133,A110,LOBBY,2025-09-01T15:50:56
R1267,A339,HALL_C,2025-09-01T15:31:27
R1258,A376,HALL_A,2025-09-01T15:32:27
R1054,A149,HALL_A,2025-09-01T09:34:36
R1256,A388,LOBBY,2025-09-01T09:15:55
R1262,A346,HALL_C,2025-09-01T15:27:18
R1076,A258,LOBBY,2025-09-01T15:51:49
R1074,A249,HALL_C,2025-09-01T16:25:58
R1009,A196,HALL_C,2025-09-01T08:04:56
R1120,A362,HALL_B,2025-09-01T13:17:56
R1272,A178,HALL_C,2025-09-01T15:21:53
R1051,A213,HALL_C,2025-09-01T17:34:23
R1024,A395,HALL_A,2025-09-01T12:25:11
R1078,A222,HALL_B,2025-09-01T08:55:39
R1129,A400,HALL_B,2025-09-01T08:25:01
R1015,A256,HALL_C,2025-09-01T15:58:10
R1204,A388,HALL_A,2025-09-01T08:32:05
R1070,A104,HALL_A,2025-09-01T09:56:11
R1128,A356,LOBBY,2025-09-01T14:42:20
R1197,A170,HALL_B,2025-09-01T16:13:08
R1175,A185,HALL_B,2025-09-01T11:12:49
R1106,A373,LOBBY,2025-09-01T08:15:14
R1056,A167,LOBBY,2025-09-01T16:17:06
R1265,A250,HALL_A,2025-09-01T08:01:00
R1040,A231,HALL_B,2025-09-01T09:39:35
R1164,A113,FOOD_COURT,2025-09-01T15:47:52
R1209,A340,HALL_C,2025-09-01T10:45:56
R1063,A115,HALL_C,2025-09-01T14:29:19
R1204,A120,HALL_C,2025-09-01T11:11:56
R1224,A195,FOOD_COURT,2025-09-01T12:35:01
R1252,A348,HALL_A,2025-09-01T17:15:06
R1111,A270,HALL_C,2025-09-01T17:20:46
R1190,A300,HALL_B,2025-09-01T09:54:49
R1120,A341,FOOD_COURT,2025-09-01T15:07:33
R1258,A291,HALL_C,2025-09-01T14:16:50
R1286,A194,LOBBY,2025-09-01T09:44:48
R1210,A158,FOOD_COURT,2025-09-01T17:14:19
R1057,A385,HALL_B,2025-09-01T11:59:27
R1086,A381,HALL_A,2025-09-01T08:25:48
R1180,A304,LOBBY,2025-09-01T08:06:05
R1007,A145,HALL_C,2025-09-01T11:38:34
R1115,A224,LOBBY,2025-09-01T15:49:39
R1036,A142,LOBBY,2025-09-01T09:57:30
R1157,A137,LOBBY,2025-09-01T16:43:34
R1281,A184,LOBBY,2025-09-01T08:34:52
R1001,A336,HALL_C,2025-09-01T14:18:24
R1270,A140,LOBBY,2025-09-01T15:54:22
R1175,A143,HALL_B,2025-09-01T11:32:03
R1263,A386,HALL_A,2025-09-01T16:11:50
R1246,A346,LOBBY,2025-09-01T15:28:38
R1190,A252,FOOD_COURT,2025-09-01T17:31:08
R1197,A159,LOBBY,2025-09-01T08:12:46
R1048,A108,FOOD_COURT,2025-09-01T12:32:40
R1225,A374,HALL_B,2025-09-01T15:59:07
R1122,A227,FOOD_COURT,2025-09-01T17:55:59
R1096,A122,FOOD_COURT,2025-09-01T16:38:19
R1025,A164,HALL_B,2025-09-01T09:59:11
R1041,A338,HALL_B,2025-09-01T13:57:47
R1288,A279,HALL_B,2025-09-01T13:24:37
R1296,A338,HALL_A,2025-09-01T09:45:51
R1297,A113,FOOD_COURT,2025-09-01T11:31:58
R1016,A286,FOOD_COURT,2025-09-01T11:31:57
R1044,A362,FOOD_COURT,2025-09-01T10:55:09
R1133,A111,HALL_C,2025-09-01T08:30:11
R1152,A235,HALL_C,2025-09-01T13:45:49
R1094,A312,HALL_B,2025-09-01T12:35:22
R1298,A153,FOOD_COURT,2025-09-01T15:15:47
R1077,A351,LOBBY,2025-09-01T13:58:06
R1048,A323,LOBBY,2025-09-01T10:10:45
R1028,A253,HALL_C,2025-09-01T15:48:47
R1247,A231,HALL_B,2025-09-01T09:32:33
R1170,A112,HALL_B,2025-09-01T16:08:23
R1296,A262,HALL_C,2025-09-01T12:39:40
R1275,A140,HALL_C,2025-09-01T11:47:36
R1053,A138,HALL_C,2025-09-01T14:49:05
R1117,A288,FOOD_COURT,2025-09-01T11:33:23
R1250,A366,HALL_A,2025-09-01T11:03:39
R1298,A232,LOBBY,2025-09-01T16:27:02
R1206,A322,HALL_C,2025-09-01T13:46:30
R1184,A375,FOOD_COURT,2025-09-01T10:44:49
R1006,A319,HALL_B,2025-09-01T09:36:42
R1017,A325,HALL_C,2025-09-01T13:37:07
R1026,A176,FOOD_COURT,2025-09-01T14:39:54
R1070,A272,FOOD_COURT,2025-09-01T08:57:41
R1173,A196,HALL_B,2025-09-01T14:52:22
R1240,A239,FOOD_COURT,2025-09-01T16:24:18
R1220,A248,FOOD_COURT,2025-09-01T11:31:04
R1152,A162,FOOD_COURT,2025-09-01T08:41:12
R1136,A346,HALL_B,2025-09-01T11:42:26
R1199,A371,HALL_A,2025-09-01T08:52:46
R1275,A347,LOBBY,2025-09-01T13:33:08
R1192,A357,HALL_A,2025-09-01T09:37:32
R1150,A263,HALL_C,2025-09-01T09:01:08
R1170,A203,HALL_C,2025-09-01T13:55:29
R1040,A229,FOOD_COURT,2025-09-01T12:12:03
R1036,A309,FOOD_COURT,2025-09-01T14:57:25
R1149,A274,HALL_B,2025-09-01T10:22:20
R1147,A135,HALL_B,2025-09-01T12:43:09
R1169,A201,HALL_B,2025-09-01T09:33:52
R1268,A385,LOBBY,2025-09-01T10:48:21
R1048,A149,HALL_A,2025-09-01T10:37:01
R1108,A112,HALL_A,2025-09-01T11:43:53
R1143,A195,LOBBY,2025-09-01T10:38:19
R1071,A165,FOOD_COURT,2025-09-01T13:36:46
R1137,A269,LOBBY,2025-09-01T13:11:13
R1073,A199,HALL_C,2025-09-01T14:47:01
R1253,A176,HALL_C,2025-09-01T17:13:25
R1254,A289,LOBBY,2025-09-01T15:47:23
R1048,A290,FOOD_COURT,2025-09-01T09:08:57
R1161,A134,HALL_A,2025-09-01T17:12:36
R1095,A308,LOBBY,2025-09-01T12:28:12
R1269,A115,HALL_B,2025-09-01T17:17:44
R1185,A250,HALL_A,2025-09-01T08:58:31
R1019,A332,HALL_B,2025-09-01T14:40:18
R1064,A160,HALL_A,2025-09-01T17:32:45
R1075,A137,HALL_C,2025-09-01T16:53:05
R1275,A275,HALL_C,2025-09-01T13:00:21
R1227,A142,LOBBY,2025-09-01T14:20:12
R1225,A228,HALL_B,2025-09-01T16:29:52
R1077,A384,HALL_A,2025-09-01T10:36:09
R1009,A379,FOOD_COURT,2025-09-01T15:57:28
R1286,A256,LOBBY,2025-09-01T10:44:18
R1245,A209,FOOD_COURT,2025-09-01T11:35:30
R1269,A141,HALL_C,2025-09-01T17:13:16
R1095,A337,HALL_A,2025-09-01T17:01:24
R1263,A327,HALL_B,2025-09-01T13:33:42
R1082,A289,HALL_B,2025-09-01T13:26:53
R1009,A139,FOOD_COURT,2025-09-01T13:31:59
R1183,A384,HALL_A,2025-09-01T12:36:59
R1086,A232,LOBBY,2025-09-01T15:03:38
R1252,A276,LOBBY,2025-09-01T13:24:18
R1030,A160,HALL_C,2025-09-01T16:33:12
R1224,A268,LOBBY,2025-09-01T16:58:02
R1218,A147,HALL_C,2025-09-01T17:55:31
R1002,A106,HALL_C,2025-09-01T11:14:13
R1288,A325,LOBBY,2025-09-01T09:29:05
R1059,A144,LOBBY,2025-09-01T14:08:21
R1174,A344,HALL_A,2025-09-01T16:33:25
R1204,A285,HALL_B,2025-09-01T17:22:55
R1184,A201,LOBBY,2025-09-01T12:43:36
R1268,A399,HALL_C,2025-09-01T10:15:30
R1004,A384,LOBBY,2025-09-01T16:17:12
R1157,A228,HALL_C,2025-09-01T08:49:32
R1124,A162,HALL_B,2025-09-01T13:18:28
R1215,A151,HALL_C,2025-09-01T08:31:31
R1018,A251,HALL_A,2025-09-01T14:29:03
R1124,A350,HALL_B,2025-09-01T15:25:25
R1094,A341,LOBBY,2025-09-01T17:55:54
R1176,A218,FOOD_COURT,2025-09-01T16:35:50
R1011,A349,HALL_C,2025-09-01T08:26:10
R1206,A200,HALL_C,2025-09-01T08:04:55
R1218,A178,HALL_C,2025-09-01T14:34:39
R1278,A182,LOBBY,2025-09-01T17:24:04
R1095,A298,HALL_B,2025-09-01T09:17:22
R1060,A210,FOOD_COURT,2025-09-01T14:15:15
R1072,A308,HALL_C,2025-09-01T17:19:43
R1240,A131,HALL_C,2025-09-01T11:00:59
R1115,A291,HALL_B,2025-09-01T15:19:14
R1170,A320,LOBBY,2025-09-01T11:32:08
R1155,A185,FOOD_COURT,2025-09-01T13:56:12
R1226,A231,FOOD_COURT,2025-09-01T15:55:07
R1299,A175,HALL_B,2025-09-01T17:11:48
R1278,A353,HALL_B,2025-09-01T11:07:17
R1069,A141,FOOD_COURT,2025-09-01T15:44:37
R1063,A216,HALL_C,2025-09-01T09:48:45
R1260,A150,HALL_C,2025-09-01T09:33:03
R1283,A153,HALL_C,2025-09-01T15:22:51
R1205,A314,HALL_C,2025-09-01T13:17:34
R1103,A174,HALL_B,2025-09-01T08:39:05
R1104,A306,HALL_C,2025-09-01T13:59:47
R1234,A147,HALL_B,2025-09-01T16:29:37
R1051,A215,HALL_B,2025-09-01T08:38:14
R1195,A294,HALL_B,2025-09-01T12:38:28
R1194,A320,HALL_A,2025-09-01T14:06:26
R1183,A255,HALL_C,2025-09-01T13:19:02
R1179,A351,LOBBY,2025-09-01T11:03:47
R1300,A112,FOOD_COURT,2025-09-01T12:18:35
R1054,A295,LOBBY,2025-09-01T13:44:45
R1005,A241,LOBBY,2025-09-01T08:42:01
R1294,A239,FOOD_COURT,2025-09-01T13:25:24
R1040,A247,FOOD_COURT,2025-09-01T16:17:22
R1120,A370,HALL_A,2025-09-01T14:10:06
R1067,A312,FOOD_COURT,2025-09-01T12:48:35
R1243,A299,HALL_B,2025-09-01T15:00:19
R1177,A294,LOBBY,2025-09-01T08:39:12
R1013,A152,FOOD_COURT,2025-09-01T17:06:21
R1123,A206,HALL_C,2025-09-01T09:24:32
R1040,A204,FOOD_COURT,2025-09-01T12:31:15
R1248,A258,HALL_A,2025-09-01T09:50:05
R1186,A260,HALL_A,2025-09-01T10:52:48
R1195,A338,FOOD_COURT,2025-09-01T08:37:25
R1204,A392,HALL_B,2025-09-01T09:02:29
R1097,A384,HALL_A,2025-09-01T15:18:05
R1186,A184,HALL_B,2025-09-01T15:26:39
R1278,A390,HALL_A,2025-09-01T17:55:57
R1086,A160,HALL_B,2025-09-01T17:14:55
R1249,A151,LOBBY,2025-09-01T15:53:22
R1146,A278,FOOD_COURT,2025-09-01T16:20:49
R1272,A114,HALL_A,2025-09-01T10:13:29
R1287,A183,HALL_C,2025-09-01T11:35:16
R1142,A392,HALL_A,2025-09-01T10:52:54
R1076,A391,HALL_C,2025-09-01T11:00:22
R1093,A189,HALL_A,2025-09-01T17:35:16
R1117,A142,LOBBY,2025-09-01T14:43:01
R1190,A134,LOBBY,2025-09-01T10:00:48
R1300,A354,HALL_C,2025-09-01T12:00:46
R1145,A144,HALL_C,2025-09-01T15:41:34
R1114,A333,HALL_A,2025-09-01T10:46:38
R1222,A345,FOOD_COURT,2025-09-01T14:47:55
R1252,A220,LOBBY,2025-09-01T16:17:06
R1238,A186,HALL_C,2025-09-01T08:06:37
R1293,A381,LOBBY,2025-09-01T08:16:54
R1193,A317,HALL_C,2025-09-01T10:58:30
R1298,A200,HALL_C,2025-09-01T08:40:15
R1232,A387,HALL_A,2025-09-01T10:25:08
R1276,A165,FOOD_COURT,2025-09-01T14:21:45
R1136,A312,HALL_B,2025-09-01T12:03:20
R1237,A279,FOOD_COURT,2025-09-01T13:47:22
R1125,A297,HALL_B,2025-09-01T10:01:14
R1160,A204,FOOD_COURT,2025-09-01T15:36:02
R1028,A314,LOBBY,2025-09-01T10:53:35
R1153,A252,FOOD_COURT,2025-09-01T10:50:53
R1076,A292,HALL_B,2025-09-01T09:26:05
R1006,A146,HALL_A,2025-09-01T12:38:41
R1044,A397,FOOD_COURT,2025-09-01T10:10:43
R1259,A369,LOBBY,2025-09-01T08:48:22
R1271,A371,HALL_A,2025-09-01T10:38:08
R1111,A313,HALL_A,2025-09-01T15:54:21
R1076,A244,LOBBY,2025-09-01T10:29:22
R1157,A285,HALL_C,2025-09-01T09:55:57
R1034,A212,HALL_C,2025-09-01T09:59:03
R1263,A350,LOBBY,2025-09-01T17:03:26
R1251,A213,LOBBY,2025-09-01T16:47:36
R1057,A394,FOOD_COURT,2025-09-01T15:25:50
R1114,A397,HALL_B,2025-09-01T17:48:21
R1167,A150,HALL_C,2025-09-01T14:55:54
R1249,A194,FOOD_COURT,2025-09-01T16:54:27
R1282,A249,FOOD_COURT,2025-09-01T11:36:50
R1282,A389,HALL_C,2025-09-01T08:52:07
R1271,A102,HALL_B,2025-09-01T17:44:17
R1256,A278,HALL_C,2025-09-01T09:39:30
R1294,A205,HALL_B,2025-09-01T09:14:30
R1213,A262,FOOD_COURT,2025-09-01T15:53:22
R1251,A117,LOBBY,2025-09-01T13:06:53
R1058,A227,HALL_C,2025-09-01T15:32:16
R1263,A372,HALL_A,2025-09-01T15:13:53
R1263,A276,FOOD_COURT,2025-09-01T17:35:01
R1114,A348,HALL_C,2025-09-01T14:13:11
R1098,A170,LOBBY,2025-09-01T12:05:21
R1225,A131,LOBBY,2025-09-01T15:13:04
R1087,A336,FOOD_COURT,2025-09-01T10:25:13
R1068,A269,HALL_A,2025-09-01T14:46:55
R1200,A132,HALL_C,2025-09-01T16:13:02
R1145,A168,HALL_B,2025-09-01T12:41:45
R1133,A107,LOBBY,2025-09-01T12:22:06
R1072,A222,LOBBY,2025-09-01T14:15:52
R1031,A320,HALL_A,2025-09-01T13:00:54
R1109,A287,HALL_C,2025-09-01T13:50:36
R1181,A298,FOOD_COURT,2025-09-01T12:01:49
R1246,A130,HALL_C,2025-09-01T13:43:38
R1120,A397,FOOD_COURT,2025-09-01T09:14:33
R1220,A226,LOBBY,2025-09-01T15:06:38
R1290,A328,HALL_C,2025-09-01T09:08:19
R1010,A347,HALL_C,2025-09-01T11:41:40
R1211,A136,LOBBY,2025-09-01T12:14:10
R1147,A326,HALL_B,2025-09-01T12:02:33
R1214,A163,HALL_A,2025-09-01T14:50:19
R1231,A335,HALL_A,2025-09-01T16:05:37
R1129,A166,HALL_C,2025-09-01T11:37:36
R1040,A109,HALL_C,2025-09-01T14:01:37
R1199,A147,HALL_A,2025-09-01T11:09:22
R1090,A380,HALL_B,2025-09-01T16:48:06
R1248,A182,FOOD_COURT,2025-09-01T16:14:05
R1013,A213,LOBBY,2025-09-01T17:27:58
R1158,A302,LOBBY,2025-09-01T10:13:31
R1108,A364,FOOD_COURT,2025-09-01T14:24:21
R1017,A315,HALL_A,2025-09-01T09:35:03
R1023,A306,HALL_B,2025-09-01T12:43:35
R1209,A207,FOOD_COURT,2025-09-01T14:45:06
R1279,A381,FOOD_COURT,2025-09-01T16:10:35
R1129,A140,HALL_C,2025-09-01T14:08:39
R1185,A152,HALL_B,2025-09-01T17:40:32
R1199,A139,LOBBY,2025-09-01T13:41:47
R1274,A207,LOBBY,2025-09-01T15:52:34
R1050,A346,FOOD_COURT,2025-09-01T15:23:00
R1016,A279,HALL_B,2025-09-01T09:57:18
R1229,A349,HALL_A,2025-09-01T11:57:09
R1154,A394,FOOD_COURT,2025-09-01T11:19:57
R1155,A324,HALL_B,2025-09-01T17:36:24
R1089,A167,HALL_B,2025-09-01T11:53:20
R1117,A395,LOBBY,2025-09-01T11:47:05
R1015,A110,HALL_B,2025-09-01T09:40:56
R1210,A301,HALL_B,2025-09-01T13:56:33
R1240,A155,HALL_A,2025-09-01T09:10:57
R1055,A347,HALL_A,2025-09-01T13:47:35
R1025,A118,FOOD_COURT,2025-09-01T11:21:02
R1188,A136,FOOD_COURT,2025-09-01T13:04:00
R1145,A287,LOBBY,2025-09-01T12:23:33
R1268,A118,HALL_C,2025-09-01T11:44:52
R1192,A146,LOBBY,2025-09-01T13:27:21
R1180,A160,HALL_B,2025-09-01T11:00:28
R1240,A378,LOBBY,2025-09-01T13:21:18
R1232,A181,FOOD_COURT,2025-09-01T14:42:11
R1049,A400,FOOD_COURT,2025-09-01T11:23:22
R1196,A170,LOBBY,2025-09-01T11:18:32
R1023,A328,HALL_C,2025-09-01T10:18:24
R1148,A207,FOOD_COURT,2025-09-01T08:42:16
R1016,A193,HALL_A,2025-09-01T10:17:25
R1123,A237,FOOD_COURT,2025-09-01T09:03:46
R1048,A308,HALL_C,2025-09-01T11:21:40
R1085,A301,HALL_C,2025-09-01T09:22:56
R1251,A227,HALL_C,2025-09-01T15:12:40
R1048,A327,HALL_A,2025-09-01T12:06:18
R1022,A102,HALL_B,2025-09-01T14:37:51
R1214,A149,HALL_A,2025-09-01T15:48:22
R1262,A274,HALL_A,2025-09-01T10:37:12
R1167,A389,HALL_A,2025-09-01T13:01:01
R1101,A121,HALL_C,2025-09-01T09:18:03
R1098,A110,HALL_A,2025-09-01T13:55:10
R1041,A303,HALL_C,2025-09-01T08:28:15
R1251,A222,HALL_B,2025-09-01T14:42:22
R1162,A360,HALL_B,2025-09-01T08:01:17
R1123,A119,FOOD_COURT,2025-09-01T10:54:04
R1214,A307,LOBBY,2025-09-01T10:04:57
R1272,A288,HALL_C,2025-09-01T14:28:28
R1120,A346,LOBBY,2025-09-01T08:51:44
R1043,A156,HALL_C,2025-09-01T17:38:26
R1092,A149,HALL_C,2025-09-01T16:08:06
R1224,A265,LOBBY,2025-09-01T15:14:56
R1271,A323,HALL_B,2025-09-01T09:28:32
R1019,A190,FOOD_COURT,2025-09-01T12:39:05
R1083,A172,HALL_C,2025-09-01T10:23:00
R1031,A352,HALL_A,2025-09-01T11:33:28
R1066,A310,HALL_B,2025-09-01T11:46:27
R1065,A391,LOBBY,2025-09-01T12:16:23
R1021,A220,HALL_C,2025-09-01T15:52:27
R1165,A186,HALL_B,2025-09-01T12:10:47
R1280,A292,HALL_B,2025-09-01T15:08:45
R1020,A356,LOBBY,2025-09-01T09:13:17
R1269,A350,LOBBY,2025-09-01T12:03:13
R1109,A239,HALL_C,2025-09-01T14:33:46
R1272,A237,FOOD_COURT,2025-09-01T15:57:34
R1073,A360,HALL_C,2025-09-01T15:25:45
R1040,A354,FOOD_COURT,2025-09-01T17:18:25
R1152,A334,HALL_B,2025-09-01T11:30:57
R1159,A179,HALL_B,2025-09-01T09:18:49
R1179,A250,HALL_A,2025-09-01T16:27:18
R1265,A310,FOOD_COURT,2025-09-01T10:49:08
R1249,A315,HALL_B,2025-09-01T09:18:59
R1286,A353,HALL_C,2025-09-01T09:33:41
R1173,A183,LOBBY,2025-09-01T12:25:01
R1221,A149,HALL_C,2025-09-01T11:28:47
R1259,A123,HALL_C,2025-09-01T09:00:32
R1168,A161,HALL_A,2025-09-01T11:17:17
R1263,A158,HALL_B,2025-09-01T16:35:28
R1148,A112,HALL_A,2025-09-01T12:26:41
R1006,A146,HALL_A,2025-09-01T17:06:28
R1089,A250,LOBBY,2025-09-01T12:41:12
R1057,A108,LOBBY,2025-09-01T13:03:00
R1284,A366,FOOD_COURT,2025-09-01T09:12:22
R1248,A119,FOOD_COURT,2025-09-01T13:27:53
R1094,A344,HALL_A,2025-09-01T16:49:05
R1289,A134,LOBBY,2025-09-01T12:18:02
R1004,A261,HALL_A,2025-09-01T15:27:11
R1208,A224,HALL_C,2025-09-01T12:49:58
R1299,A186,LOBBY,2025-09-01T11:28:14
R1030,A203,HALL_C,2025-09-01T08:30:09
R1196,A180,HALL_C,2025-09-01T12:36:57
R1022,A237,FOOD_COURT,2025-09-01T15:24:06
R1145,A263,HALL_C,2025-09-01T10:26:40
R1140,A310,HALL_A,2025-09-01T09:58:35
R1122,A348,LOBBY,2025-09-01T14:51:41
R1063,A377,HALL_B,2025-09-01T09:53:18
R1052,A364,HALL_A,2025-09-01T10:25:34
R1075,A128,FOOD_COURT,2025-09-01T09:23:16
R1066,A126,FOOD_COURT,2025-09-01T08:00:42
R1279,A370,HALL_B,2025-09-01T16:52:31
R1264,A362,FOOD_COURT,2025-09-01T09:36:55
R1196,A221,FOOD_COURT,2025-09-01T14:43:57
R1271,A193,HALL_A,2025-09-01T15:06:53
R1177,A135,HALL_C,2025-09-01T12:03:40
R1250,A305,FOOD_COURT,2025-09-01T16:47:20
R1289,A234,HALL_B,2025-09-01T08:17:43
R1150,A163,LOBBY,2025-09-01T13:25:59
R1203,A390,LOBBY,2025-09-01T10:36:15
R1192,A273,HALL_C,2025-09-01T16:32:13
R1222,A117,HALL_C,2025-09-01T08:29:12
R1294,A143,HALL_A,2025-09-01T12:00:27
R1017,A253,HALL_A,2025-09-01T10:28:16
R1185,A316,FOOD_COURT,2025-09-01T12:12:54
R1168,A303,FOOD_COURT,2025-09-01T10:17:46
R1098,A128,HALL_C,2025-09-01T16:56:10
R1205,A241,HALL_B,2025-09-01T10:35:51
R1018,A198,HALL_B,2025-09-01T12:38:37
R1239,A164,HALL_B,2025-09-01T10:54:11
R1292,A118,HALL_A,2025-09-01T16:57:54
R1272,A144,LOBBY,2025-09-01T16:46:51
R1241,A205,HALL_B,2025-09-01T16:12:07
R1223,A122,LOBBY,2025-09-01T12:59:07
R1123,A200,FOOD_COURT,2025-09-01T17:08:03
R1239,A232,LOBBY,2025-09-01T10:01:38
R1166,A199,FOOD_COURT,2025-09-01T17:19:06
R1040,A375,HALL_C,2025-09-01T13:27:42
R1256,A192,LOBBY,2025-09-01T09:22:56
R1085,A394,FOOD_COURT,2025-09-01T09:49:14
R1002,A279,HALL_B,2025-09-01T13:56:59
R1022,A344,HALL_A,2025-09-01T10:49:10
R1255,A366,HALL_B,2025-09-01T14:22:58
R1076,A226,FOOD_COURT,2025-09-01T14:23:53
R1073,A125,HALL_B,2025-09-01T17:34:43
R1117,A266,LOBBY,2025-09-01T11:35:45
R1066,A134,HALL_C,2025-09-01T17:31:38
R1133,A166,HALL_A,2025-09-01T14:35:04
R1068,A302,LOBBY,2025-09-01T14:03:19
R1027,A252,HALL_A,2025-09-01T09:22:48
R1240,A201,HALL_C,2025-09-01T15:11:39
R1090,A188,FOOD_COURT,2025-09-01T08:19:59
R1195,A170,HALL_A,2025-09-01T12:57:48
R1180,A354,HALL_C,2025-09-01T16:02:45
R1030,A111,FOOD_COURT,2025-09-01T13:31:33
R1256,A384,HALL_C,2025-09-01T14:23:25
R1271,A268,HALL_A,2025-09-01T17:55:51
R1136,A241,HALL_B,2025-09-01T13:22:46
R1214,A196,HALL_C,2025-09-01T11:51:29
R1034,A114,FOOD_COURT,2025-09-01T17:46:27
R1022,A155,HALL_C,2025-09-01T13:44:10
R1026,A311,HALL_A,2025-09-01T17:35:42
R1196,A198,HALL_B,2025-09-01T08:25:38
R1265,A326,LOBBY,2025-09-01T09:14:27
R1218,A106,HALL_B,2025-09-01T16:44:21
R1195,A253,LOBBY,2025-09-01T17:00:41
R1227,A175,HALL_B,2025-09-01T08:10:43
R1254,A374,FOOD_COURT,2025-09-01T09:30:04
R1168,A277,HALL_A,2025-09-01T12:11:48
R1141,A373,HALL_A,2025-09-01T14:20:19
R1099,A337,LOBBY,2025-09-01T12:32:08
R1125,A246,LOBBY,2025-09-01T16:47:19
R1053,A266,HALL_C,2025-09-01T17:05:47
R1154,A327,HALL_B,2025-09-01T09:02:24
R1245,A198,HALL_C,2025-09-01T08:02:04
R1006,A230,LOBBY,2025-09-01T09:18:52
R1044,A161,HALL_C,2025-09-01T13:10:39
R1070,A220,HALL_C,2025-09-01T11:22:24
R1160,A338,LOBBY,2025-09-01T10:59:09
R1294,A286,FOOD_COURT,2025-09-01T09:08:51
R1081,A157,HALL_B,2025-09-01T13:53:43
R1223,A182,FOOD_COURT,2025-09-01T12:28:35
R1205,A326,LOBBY,2025-09-01T09:38:27
R1092,A259,LOBBY,2025-09-01T15:20:31
R1060,A301,FOOD_COURT,2025-09-01T17:48:43
R1030,A225,HALL_A,2025-09-01T10:39:59
R1273,A348,FOOD_COURT,2025-09-01T16:37:14
R1148,A399,FOOD_COURT,2025-09-01T08:10:44
R1070,A347,HALL_C,2025-09-01T13:14:46
R1214,A214,HALL_A,2025-09-01T14:11:15
R1081,A276,HALL_C,2025-09-01T12:55:41
R1131,A174,FOOD_COURT,2025-09-01T11:02:51
R1099,A287,FOOD_COURT,2025-09-01T11:45:20
R1216,A201,HALL_C,2025-09-01T15:08:07
R1205,A264,FOOD_COURT,2025-09-01T10:36:17
R1213,A110,HALL_B,2025-09-01T12:46:27
R1202,A141,HALL_A,2025-09-01T11:11:12
R1054,A231,HALL_C,2025-09-01T13:45:10
R1157,A239,HALL_A,2025-09-01T17:40:21
R1186,A350,HALL_C,2025-09-01T16:14:53
R1026,A308,HALL_B,2025-09-01T09:25:09
R1021,A295,FOOD_COURT,2025-09-01T11:02:11
R1169,A270,HALL_B,2025-09-01T10:39:50
R1154,A132,FOOD_COURT,2025-09-01T11:49:33
R1170,A133,FOOD_COURT,2025-09-01T09:49:20
R1235,A198,LOBBY,2025-09-01T10:40:47
R1016,A146,LOBBY,2025-09-01T08:26:11
R1020,A226,LOBBY,2025-09-01T11:53:49
R1079,A228,HALL_A,2025-09-01T13:31:10
R1174,A255,HALL_A,2025-09-01T11:24:16
R1150,A346,HALL_A,2025-09-01T14:46:21
R1266,A167,HALL_C,2025-09-01T11:31:53
R1174,A349,LOBBY,2025-09-01T17:18:03
R1234,A126,LOBBY,2025-09-01T12:14:50
R1254,A101,FOOD_COURT,2025-09-01T09:20:53
R1038,A175,FOOD_COURT,2025-09-01T10:08:43
R1297,A255,FOOD_COURT,2025-09-01T10:04:26
R1089,A106,HALL_C,2025-09-01T15:44:27
R1192,A281,LOBBY,2025-09-01T14:28:11
R1078,A175,HALL_A,2025-09-01T16:08:12
R1117,A236,HALL_B,2025-09-01T15:36:57
R1279,A355,FOOD_COURT,2025-09-01T17:00:01
R1139,A356,HALL_C,2025-09-01T11:39:53
R1242,A151,LOBBY,2025-09-01T08:30:10
R1292,A108,HALL_C,2025-09-01T13:04:08
R1047,A228,HALL_A,2025-09-01T09:28:57
R1294,A283,HALL_B,2025-09-01T12:40:35
R1049,A204,HALL_B,2025-09-01T08:26:55
R1232,A158,LOBBY,2025-09-01T10:59:18
R1066,A218,LOBBY,2025-09-01T11:12:12
R1086,A164,HALL_A,2025-09-01T08:00:48
R1225,A252,HALL_B,2025-09-01T13:35:28
R1178,A281,FOOD_COURT,2025-09-01T10:36:14
R1146,A292,LOBBY,2025-09-01T12:30:46
R1057,A327,HALL_C,2025-09-01T09:36:51
R1210,A345,FOOD_COURT,2025-09-01T13:56:21
R1220,A251,FOOD_COURT,2025-09-01T10:53:53
R1196,A387,FOOD_COURT,2025-09-01T15:55:45
R1270,A115,LOBBY,2025-09-01T16:52:52
R1158,A360,HALL_A,2025-09-01T16:37:55
R1290,A115,HALL_B,2025-09-01T17:57:21
R1268,A313,FOOD_COURT,2025-09-01T16:48:45
R1061,A150,HALL_C,2025-09-01T14:52:36
R1135,A326,HALL_A,2025-09-01T13:51:11
R1235,A198,HALL_B,2025-09-01T17:22:17
R1015,A205,HALL_B,2025-09-01T09:00:40
R1114,A191,FOOD_COURT,2025-09-01T09:42:47
R1212,A386,HALL_A,2025-09-01T16:17:16
R1207,A251,LOBBY,2025-09-01T10:51:37
R1028,A275,HALL_C,2025-09-01T08:16:26
R1061,A283,HALL_B,2025-09-01T15:06:51
R1133,A112,HALL_B,2025-09-01T10:50:23
R1091,A338,FOOD_COURT,2025-09-01T09:17:14
R1230,A269,HALL_A,2025-09-01T16:21:49
R1076,A119,LOBBY,2025-09-01T10:50:04
R1150,A191,HALL_C,2025-09-01T13:10:24
R1042,A143,HALL_C,2025-09-01T12:05:16
R1182,A160,HALL_A,2025-09-01T08:13:45
R1198,A218,HALL_A,2025-09-01T11:54:53
R1047,A400,HALL_C,2025-09-01T10:29:59
R1195,A376,HALL_C,2025-09-01T10:10:25
R1249,A165,HALL_C,2025-09-01T15:06:56
R1034,A281,HALL_B,2025-09-01T10:02:12
R1227,A112,FOOD_COURT,2025-09-01T16:18:17
R1167,A243,HALL_A,2025-09-01T15:01:22
R1049,A285,HALL_A,2025-09-01T10:16:36
R1067,A335,LOBBY,2025-09-01T16:35:33
R1076,A258,HALL_A,2025-09-01T09:35:47
R1093,A199,FOOD_COURT,2025-09-01T08:52:18
R1215,A297,FOOD_COURT,2025-09-01T09:14:21
R1183,A156,LOBBY,2025-09-01T10:04:41
R1073,A185,LOBBY,2025-09-01T12:35:31
R1262,A240,HALL_B,2025-09-01T11:35:45
R1258,A366,HALL_C,2025-09-01T11:39:37
R1129,A106,HALL_B,2025-09-01T12:25:19
R1144,A275,FOOD_COURT,2025-09-01T10:24:03
R1284,A366,HALL_A,2025-09-01T09:31:16
R1289,A308,HALL_A,2025-09-01T11:06:00
R1272,A200,HALL_C,2025-09-01T11:45:10
R1142,A168,HALL_C,2025-09-01T17:02:57
R1232,A209,HALL_B,2025-09-01T14:01:03
R1223,A395,FOOD_COURT,2025-09-01T09:14:37
R1110,A264,HALL_C,2025-09-01T15:31:03
R1216,A258,HALL_A,2025-09-01T10:00:31
R1251,A155,HALL_B,2025-09-01T13:38:37
R1254,A163,HALL_A,2025-09-01T15:32:12
R1200,A293,HALL_A,2025-09-01T16:35:21
R1043,A145,LOBBY,2025-09-01T12:19:33
R1030,A145,FOOD_COURT,2025-09-01T13:36:11
R1208,A106,FOOD_COURT,2025-09-01T17:24:37
R1220,A193,HALL_C,2025-09-01T09:57:30
R1114,A215,LOBBY,2025-09-01T13:53:24
R1067,A196,FOOD_COURT,2025-09-01T17:14:24
R1150,A324,FOOD_COURT,2025-09-01T10:40:11
R1023,A367,HALL_A,2025-09-01T11:56:03
R1009,A379,LOBBY,2025-09-01T15:18:35
R1143,A143,FOOD_COURT,2025-09-01T10:11:26
R1015,A150,HALL_B,2025-09-01T17:47:09
R1194,A176,LOBBY,2025-09-01T11:56:49
R1187,A227,HALL_A,2025-09-01T11:51:39
R1094,A202,LOBBY,2025-09-01T15:46:28
R1001,A132,HALL_A,2025-09-01T16:24:05
R1019,A343,FOOD_COURT,2025-09-01T10:27:05
R1281,A187,LOBBY,2025-09-01T16:06:44
R1149,A289,FOOD_COURT,2025-09-01T17:09:35
R1012,A235,FOOD_COURT,2025-09-01T10:58:15
R1054,A274,HALL_B,2025-09-01T09:13:36
R1077,A345,FOOD_COURT,2025-09-01T16:17:13
R1064,A218,FOOD_COURT,2025-09-01T10:01:53
R1165,A190,FOOD_COURT,2025-09-01T12:30:52
R1211,A328,HALL_C,2025-09-01T12:29:14
R1111,A160,HALL_A,2025-09-01T15:30:57
R1138,A265,FOOD_COURT,2025-09-01T10:16:14
R1044,A189,HALL_C,2025-09-01T09:11:55
R1166,A382,HALL_A,2025-09-01T13:07:57
R1238,A385,HALL_C,2025-09-01T16:33:17
R1155,A163,LOBBY,2025-09-01T10:08:38
R1177,A324,FOOD_COURT,2025-09-01T15:36:42
R1287,A190,HALL_A,2025-09-01T16:35:59
R1170,A249,HALL_C,2025-09-01T10:23:31
R1275,A143,LOBBY,2025-09-01T16:14:45
R1223,A115,FOOD_COURT,2025-09-01T16:08:33
R1072,A333,LOBBY,2025-09-01T10:33:45
R1216,A388,HALL_C,2025-09-01T17:27:03
R1071,A264,FOOD_COURT,2025-09-01T09:17:32
R1196,A136,FOOD_COURT,2025-09-01T11:55:47
R1126,A154,FOOD_COURT,2025-09-01T16:08:55
R1224,A269,LOBBY,2025-09-01T12:38:08
R1066,A170,HALL_C,2025-09-01T11:42:11
R1069,A400,HALL_B,2025-09-01T12:30:53
R1296,A369,FOOD_COURT,2025-09-01T16:39:54
R1017,A219,HALL_C,2025-09-01T11:01:58
R1021,A366,LOBBY,2025-09-01T11:29:26
R1116,A239,HALL_A,2025-09-01T13:19:22
R1027,A264,LOBBY,2025-09-01T13:40:12
R1109,A300,FOOD_COURT,2025-09-01T09:11:16
R1091,A125,LOBBY,2025-09-01T10:34:08
R1025,A358,LOBBY,2025-09-01T11:48:27
R1156,A260,HALL_C,2025-09-01T12:13:45
R1025,A334,FOOD_COURT,2025-09-01T16:38:47
R1190,A315,HALL_A,2025-09-01T10:37:08
R1092,A228,LOBBY,2025-09-01T09:09:40
R1241,A111,HALL_A,2025-09-01T09:31:39
R1149,A266,HALL_C,2025-09-01T16:18:51
R1282,A389,HALL_B,2025-09-01T10:53:28
R1200,A188,HALL_A,2025-09-01T14:23:57
R1208,A150,HALL_A,2025-09-01T14:42:03
R1083,A166,HALL_A,2025-09-01T09:20:46
R1078,A309,HALL_B,2025-09-01T17:06:21
R1286,A146,HALL_C,2025-09-01T15:05:21
R1061,A132,HALL_C,2025-09-01T12:07:08
R1156,A242,FOOD_COURT,2025-09-01T08:19:24
R1014,A377,LOBBY,2025-09-01T14:39:09
R1103,A315,HALL_A,2025-09-01T15:42:01
R1101,A237,LOBBY,2025-09-01T17:51:59
R1291,A192,HALL_A,2025-09-01T08:31:18
R1268,A160,HALL_A,2025-09-01T09:25:36
R1070,A304,HALL_A,2025-09-01T14:20:07
R1026,A165,HALL_A,2025-09-01T11:11:34
R1024,A370,HALL_C,2025-09-01T11:08:23
R1071,A262,HALL_A,2025-09-01T14:14:55
R1024,A181,HALL_C,2025-09-01T09:02:34
R1077,A339,HALL_A,2025-09-01T15:07:33
R1147,A299,HALL_B,2025-09-01T12:57:52
R1175,A178,HALL_C,2025-09-01T15:59:34
R1225,A147,HALL_A,2025-09-01T10:36:48
R1215,A183,FOOD_COURT,2025-09-01T17:29:08
R1280,A271,HALL_B,2025-09-01T10:06:02
R1183,A201,HALL_A,2025-09-01T10:20:50
R1097,A328,HALL_B,2025-09-01T10:48:38
R1032,A223,HALL_A,2025-09-01T12:43:11
R1005,A264,LOBBY,2025-09-01T12:57:28
R1038,A178,HALL_A,2025-09-01T17:14:51
R1191,A400,FOOD_COURT,2025-09-01T09:02:57
R1254,A242,FOOD_COURT,2025-09-01T11:22:46
R1231,A314,FOOD_COURT,2025-09-01T08:21:01
R1074,A207,HALL_A,2025-09-01T10:47:30
R1228,A165,HALL_A,2025-09-01T12:06:07
R1053,A393,LOBBY,2025-09-01T09:26:53
R1192,A221,HALL_C,2025-09-01T09:08:45
R1249,A249,HALL_B,2025-09-01T14:35:45
R1253,A271,FOOD_COURT,2025-09-01T13:46:17
R1241,A211,HALL_A,2025-09-01T16:31:52
R1205,A327,HALL_B,2025-09-01T11:30:07
R1160,A224,HALL_B,2025-09-01T15:22:47
R1136,A245,HALL_C,2025-09-01T10:10:18
R1283,A353,FOOD_COURT,2025-09-01T15:41:19
R1188,A257,HALL_A,2025-09-01T12:04:15
R1086,A118,FOOD_COURT,2025-09-01T15:39:02
R1022,A330,HALL_A,2025-09-01T09:36:31
R1248,A314,LOBBY,2025-09-01T12:46:04
R1038,A156,HALL_B,2025-09-01T14:28:43
R1278,A122,HALL_C,2025-09-01T10:05:48
R1080,A322,HALL_C,2025-09-01T11:56:56
R1141,A345,HALL_C,2025-09-01T09:27:02
R1217,A163,HALL_A,2025-09-01T12:07:58
R1259,A171,HALL_C,2025-09-01T09:33:08
R1267,A326,LOBBY,2025-09-01T17:34:20
R1212,A155,HALL_A,2025-09-01T15:36:19
R1060,A248,LOBBY,2025-09-01T16:02:50
R1068,A210,HALL_A,2025-09-01T10:32:45
R1176,A135,LOBBY,2025-09-01T09:16:16
R1060,A251,HALL_A,2025-09-01T13:33:15
R1287,A140,HALL_C,2025-09-01T13:07:12
R1257,A342,HALL_A,2025-09-01T10:30:52
R1068,A201,HALL_A,2025-09-01T17:00:20
R1045,A204,FOOD_COURT,2025-09-01T11:13:17
R1244,A162,HALL_A,2025-09-01T13:19:04
R1067,A190,HALL_A,2025-09-01T13:41:53
R1275,A216,HALL_A,2025-09-01T16:23:58
R1053,A288,HALL_B,2025-09-01T09:10:56
R1246,A104,HALL_A,2025-09-01T17:43:13
R1164,A238,HALL_B,2025-09-01T14:44:29
R1299,A137,HALL_C,2025-09-01T13:39:51
R1075,A363,LOBBY,2025-09-01T16:32:46
R1280,A172,HALL_B,2025-09-01T10:07:35
R1269,A363,HALL_A,2025-09-01T12:59:27
R1272,A207,HALL_A,2025-09-01T11:46:30
R1105,A106,HALL_A,2025-09-01T17:15:24
R1159,A395,HALL_C,2025-09-01T11:03:58
R1169,A321,HALL_A,2025-09-01T16:59:35
R1054,A250,HALL_C,2025-09-01T15:34:36
R1066,A204,LOBBY,2025-09-01T15:05:13
R1249,A364,HALL_C,2025-09-01T15:06:14
R1050,A191,HALL_B,2025-09-01T17:33:05
R1026,A379,FOOD_COURT,2025-09-01T12:31:40
R1008,A186,HALL_A,2025-09-01T08:26:04
R1257,A164,HALL_C,2025-09-01T09:05:54
R1045,A371,HALL_A,2025-09-01T12:04:46
R1159,A380,HALL_B,2025-09-01T08:09:26
R1049,A237,LOBBY,2025-09-01T17:31:40
R1205,A267,LOBBY,2025-09-01T12:08:00
R1264,A327,LOBBY,2025-09-01T11:42:47
R1196,A126,HALL_B,2025-09-01T08:57:16
R1134,A206,HALL_C,2025-09-01T09:17:50
R1274,A314,HALL_B,2025-09-01T11:00:51
R1079,A193,LOBBY,2025-09-01T08:28:24
R1192,A298,HALL_C,2025-09-01T13:37:33
R1046,A307,HALL_A,2025-09-01T09:15:53
R1278,A217,HALL_A,2025-09-01T08:55:20
R1037,A204,HALL_C,2025-09-01T15:41:00
R1074,A363,HALL_C,2025-09-01T09:46:25
R1284,A205,LOBBY,2025-09-01T08:31:03
R1015,A242,HALL_B,2025-09-01T16:08:13
R1011,A108,FOOD_COURT,2025-09-01T10:23:29
R1009,A182,HALL_C,2025-09-01T16:48:41
R1004,A148,FOOD_COURT,2025-09-01T08:19:22
R1121,A142,HALL_B,2025-09-01T09:40:28
R1267,A149,HALL_C,2025-09-01T09:06:46
R1261,A220,LOBBY,2025-09-01T08:08:22
R1245,A360,LOBBY,2025-09-01T08:03:00
R1273,A102,FOOD_COURT,2025-09-01T15:57:14
R1169,A350,HALL_B,2025-09-01T11:30:18
R1213,A306,HALL_B,2025-09-01T16:51:15
R1276,A396,HALL_A,2025-09-01T12:24:13
R1189,A290,HALL_B,2025-09-01T10:47:49
R1003,A278,HALL_B,2025-09-01T12:23:48
R1231,A214,HALL_B,2025-09-01T16:25:35
R1067,A190,HALL_A,2025-09-01T14:44:11
R1052,A178,HALL_B,2025-09-01T17:52:09
R1190,A185,HALL_B,2025-09-01T08:12:37
R1286,A114,HALL_B,2025-09-01T14:54:48
R1242,A154,HALL_A,2025-09-01T12:42:38
R1257,A257,LOBBY,2025-09-01T14:56:03
R1043,A186,FOOD_COURT,2025-09-01T17:50:24
R1266,A366,HALL_B,2025-09-01T10:48:17
R1128,A289,HALL_B,2025-09-01T10:44:34
R1110,A383,HALL_B,2025-09-01T09:17:41
R1084,A332,HALL_B,2025-09-01T16:09:45
R1012,A133,HALL_A,2025-09-01T12:19:55
R1063,A396,LOBBY,2025-09-01T10:47:47
R1081,A377,FOOD_COURT,2025-09-01T13:14:34
R1028,A199,HALL_B,2025-09-01T14:12:41
R1178,A196,HALL_A,2025-09-01T16:40:54
R1237,A271,HALL_A,2025-09-01T08:34:10
R1281,A347,HALL_B,2025-09-01T11:09:32
R1219,A128,HALL_B,2025-09-01T15:09:16
R1085,A376,LOBBY,2025-09-01T16:32:47
R1295,A186,HALL_C,2025-09-01T17:29:38
R1030,A280,HALL_B,2025-09-01T11:36:44
R1262,A365,HALL_B,2025-09-01T13:42:39
R1259,A310,HALL_C,2025-09-01T11:25:28
R1298,A368,HALL_A,2025-09-01T11:14:15
R1002,A276,HALL_B,2025-09-01T10:05:36
R1256,A243,LOBBY,2025-09-01T15:18:52
R1018,A383,HALL_B,2025-09-01T09:53:31
R1002,A323,LOBBY,2025-09-01T09:59:36
R1169,A204,FOOD_COURT,2025-09-01T16:09:12
R1291,A390,HALL_B,2025-09-01T10:19:44
R1288,A190,HALL_A,2025-09-01T10:06:50
R1240,A102,FOOD_COURT,2025-09-01T16:06:59
R1191,A190,HALL_A,2025-09-01T08:47:49
R1016,A124,HALL_B,2025-09-01T17:00:30
R1020,A317,HALL_B,2025-09-01T15:12:11
R1100,A250,HALL_B,2025-09-01T11:56:52
R1203,A228,HALL_C,2025-09-01T15:50:28
R1244,A289,FOOD_COURT,2025-09-01T16:57:01
R1210,A186,HALL_C,2025-09-01T16:44:08
R1144,A255,HALL_C,2025-09-01T12:27:42
R1131,A344,HALL_A,2025-09-01T08:25:29
R1123,A350,LOBBY,2025-09-01T13:28:42
R1113,A129,HALL_C,2025-09-01T15:53:09
R1136,A326,HALL_A,2025-09-01T15:04:45
R1023,A202,LOBBY,2025-09-01T16:17:31
R1214,A136,HALL_B,2025-09-01T17:48:28
R1022,A350,HALL_C,2025-09-01T17:59:29
R1220,A207,LOBBY,2025-09-01T10:53:44
R1224,A318,HALL_A,2025-09-01T13:32:13
R1157,A250,HALL_A,2025-09-01T11:39:43
R1116,A148,HALL_A,2025-09-01T08:00:01
R1072,A108,FOOD_COURT,2025-09-01T16:02:06
R1152,A259,HALL_B,2025-09-01T10:49:48
R1264,A332,LOBBY,2025-09-01T14:57:03
R1010,A153,LOBBY,2025-09-01T17:51:32
R1229,A142,LOBBY,2025-09-01T12:36:43
R1281,A270,HALL_A,2025-09-01T10:51:47
R1059,A204,HALL_A,2025-09-01T15:55:26
R1279,A269,FOOD_COURT,2025-09-01T09:06:22
R1254,A225,HALL_B,2025-09-01T14:17:51
R1084,A399,FOOD_COURT,2025-09-01T13:00:57
R1220,A223,HALL_B,2025-09-01T11:17:35
R1032,A167,HALL_A,2025-09-01T14:24:02
R1098,A254,FOOD_COURT,2025-09-01T09:45:56
R1230,A117,HALL_A,2025-09-01T14:45:22
R1125,A185,HALL_A,2025-09-01T14:07:16
R1192,A318,HALL_A,2025-09-01T13:24:27
R1162,A161,LOBBY,2025-09-01T13:42:56
R1162,A268,LOBBY,2025-09-01T12:24:20
R1118,A370,HALL_A,2025-09-01T10:59:28
R1122,A101,FOOD_COURT,2025-09-01T12:32:52
R1007,A233,HALL_B,2025-09-01T11:58:38
R1028,A259,HALL_B,2025-09-01T09:49:55
R1153,A129,FOOD_COURT,2025-09-01T15:46:04
R1167,A372,HALL_B,2025-09-01T14:31:59
R1205,A156,HALL_B,2025-09-01T17:59:03
R1214,A265,LOBBY,2025-09-01T11:23:33
R1176,A127,FOOD_COURT,2025-09-01T09:57:23
R1100,A269,HALL_A,2025-09-01T17:12:11
R1023,A314,FOOD_COURT,2025-09-01T11:38:51
R1275,A229,HALL_A,2025-09-01T10:09:26
R1033,A292,HALL_C,2025-09-01T13:57:53
R1203,A245,FOOD_COURT,2025-09-01T14:17:20
R1212,A259,HALL_A,2025-09-01T12:33:16
R1008,A252,FOOD_COURT,2025-09-01T12:23:23
R1180,A288,FOOD_COURT,2025-09-01T17:33:44
R1285,A128,FOOD_COURT,2025-09-01T09:33:14
R1274,A347,HALL_C,2025-09-01T12:28:13
R1189,A210,HALL_A,2025-09-01T12:53:46
R1051,A156,FOOD_COURT,2025-09-01T15:39:40
R1193,A277,HALL_C,2025-09-01T08:41:09
R1182,A111,LOBBY,2025-09-01T17:04:50
R1087,A270,LOBBY,2025-09-01T12:46:08
R1139,A209,HALL_A,2025-09-01T08:23:54
R1072,A234,HALL_A,2025-09-01T12:10:10
R1163,A262,HALL_A,2025-09-01T09:34:33
R1076,A381,HALL_B,2025-09-01T17:24:10
R1175,A255,FOOD_COURT,2025-09-01T09:30:55
R1244,A231,FOOD_COURT,2025-09-01T08:06:30
R1132,A134,HALL_C,2025-09-01T13:02:20
R1037,A171,HALL_B,2025-09-01T15:05:37
R1180,A254,HALL_B,2025-09-01T16:02:16
R1268,A179,LOBBY,2025-09-01T17:08:29
R1143,A222,HALL_C,2025-09-01T10:31:02
R1085,A341,HALL_B,2025-09-01T08:31:20
R1216,A316,HALL_C,2025-09-01T10:57:29
R1146,A202,LOBBY,2025-09-01T12:29:09
R1006,A369,LOBBY,2025-09-01T09:15:14
R1197,A315,LOBBY,2025-09-01T08:53:16
R1119,A139,HALL_A,2025-09-01T10:42:05
R1049,A170,HALL_B,2025-09-01T14:43:01
R1257,A256,HALL_C,2025-09-01T15:00:51
R1050,A230,FOOD_COURT,2025-09-01T08:25:22
R1022,A157,HALL_B,2025-09-01T14:41:07
R1118,A211,FOOD_COURT,2025-09-01T08:26:32
R1043,A145,LOBBY,2025-09-01T16:32:25
R1134,A369,HALL_A,2025-09-01T16:12:39
R1244,A295,FOOD_COURT,2025-09-01T17:02:45
R1228,A164,HALL_A,2025-09-01T13:20:13
R1023,A325,HALL_A,2025-09-01T08:56:46
R1268,A367,HALL_C,2025-09-01T15:54:24
R1014,A323,LOBBY,2025-09-01T14:25:03
R1259,A147,LOBBY,2025-09-01T08:34:57
R1011,A398,HALL_B,2025-09-01T16:35:27
R1098,A247,FOOD_COURT,2025-09-01T15:21:23
R1199,A235,FOOD_COURT,2025-09-01T13:40:54
R1220,A113,HALL_C,2025-09-01T17:10:51
R1066,A165,LOBBY,2025-09-01T12:33:38
R1107,A230,FOOD_COURT,2025-09-01T10:41:55
R1058,A165,FOOD_COURT,2025-09-01T14:03:25
R1045,A343,FOOD_COURT,2025-09-01T13:52:42
R1078,A367,FOOD_COURT,2025-09-01T13:17:06
R1234,A366,LOBBY,2025-09-01T08:30:47
R1144,A109,LOBBY,2025-09-01T10:08:34
R1294,A245,HALL_C,2025-09-01T12:14:31
R1293,A288,HALL_C,2025-09-01T11:01:44
R1207,A197,HALL_A,2025-09-01T10:31:56
R1107,A290,HALL_B,2025-09-01T10:09:01
R1257,A149,HALL_C,2025-09-01T08:22:49
R1096,A281,FOOD_COURT,2025-09-01T15:57:11
R1014,A225,HALL_C,2025-09-01T16:28:28
R1165,A249,HALL_A,2025-09-01T14:32:26
R1102,A113,HALL_C,2025-09-01T14:41:46
R1171,A244,FOOD_COURT,2025-09-01T14:09:52
R1023,A121,HALL_A,2025-09-01T16:52:14
R1014,A189,FOOD_COURT,2025-09-01T08:35:05
R1081,A374,HALL_B,2025-09-01T16:21:27
R1105,A315,LOBBY,2025-09-01T14:31:14
R1196,A394,HALL_A,2025-09-01T09:01:24
R1130,A134,LOBBY,2025-09-01T09:39:01
R1167,A354,HALL_A,2025-09-01T08:26:24
R1262,A280,HALL_C,2025-09-01T09:48:47
R1273,A215,HALL_B,2025-09-01T13:36:38
R1063,A272,LOBBY,2025-09-01T15:56:06
R1174,A264,HALL_A,2025-09-01T12:40:11
R1289,A364,HALL_B,2025-09-01T08:35:50
R1278,A319,HALL_A,2025-09-01T16:34:14
R1222,A198,FOOD_COURT,2025-09-01T08:41:34
R1027,A266,HALL_A,2025-09-01T11:35:50
R1195,A136,HALL_A,2025-09-01T15:15:32
R1043,A363,LOBBY,2025-09-01T17:55:44
R1191,A234,HALL_B,2025-09-01T11:09:27
R1119,A276,HALL_A,2025-09-01T13:24:04
R1278,A224,HALL_A,2025-09-01T15:53:25
R1025,A129,HALL_A,2025-09-01T15:25:44
R1207,A125,LOBBY,2025-09-01T13:30:54
R1291,A304,HALL_A,2025-09-01T09:41:43
R1042,A308,LOBBY,2025-09-01T11:05:19
R1203,A363,HALL_C,2025-09-01T16:58:39
R1053,A385,FOOD_COURT,2025-09-01T12:33:19
R1149,A179,HALL_C,2025-09-01T08:18:01
R1220,A201,HALL_B,2025-09-01T14:08:14
R1026,A304,LOBBY,2025-09-01T11:41:08
R1007,A276,HALL_C,2025-09-01T08:09:28
R1298,A309,LOBBY,2025-09-01T14:59:42
R1027,A346,HALL_B,2025-09-01T10:46:23
R1113,A277,HALL_C,2025-09-01T10:49:57
R1286,A165,HALL_B,2025-09-01T08:44:58
R1115,A399,HALL_B,2025-09-01T09:05:51
R1247,A256,FOOD_COURT,2025-09-01T13:45:00
R1067,A307,FOOD_COURT,2025-09-01T15:20:46
R1087,A289,LOBBY,2025-09-01T16:26:07
R1198,A345,HALL_B,2025-09-01T09:38:56
R1271,A352,HALL_A,2025-09-01T11:17:29
R1098,A183,HALL_B,2025-09-01T15:34:41
R1004,A166,HALL_B,2025-09-01T10:56:07
R1161,A289,HALL_A,2025-09-01T14:23:46
R1117,A127,HALL_C,2025-09-01T12:28:34
R1016,A294,HALL_B,2025-09-01T11:19:54
R1293,A185,LOBBY,2025-09-01T17:11:55
R1158,A191,HALL_C,2025-09-01T09:16:32
R1203,A377,LOBBY,2025-09-01T12:10:05
R1115,A391,HALL_B,2025-09-01T12:15:06
R1294,A113,HALL_B,2025-09-01T15:50:07
R1089,A322,FOOD_COURT,2025-09-01T15:03:03
R1193,A350,HALL_B,2025-09-01T15:53:52
R1238,A117,HALL_C,2025-09-01T09:00:21
R1143,A291,HALL_A,2025-09-01T14:46:34
R1230,A322,HALL_B,2025-09-01T13:33:50
R1100,A232,HALL_C,2025-09-01T15:23:34
R1034,A348,HALL_A,2025-09-01T10:01:01
R1277,A142,HALL_B,2025-09-01T11:13:47
R1080,A182,FOOD_COURT,2025-09-01T14:34:45
R1287,A311,HALL_C,2025-09-01T13:33:14
R1108,A333,LOBBY,2025-09-01T12:34:05
R1065,A108,HALL_C,2025-09-01T10:39:01
R1016,A191,HALL_B,2025-09-01T11:43:25
R1003,A314,LOBBY,2025-09-01T16:38:52
R1204,A106,LOBBY,2025-09-01T14:47:02
R1219,A128,LOBBY,2025-09-01T14:01:05
R1204,A296,HALL_A,2025-09-01T14:20:24
R1108,A366,LOBBY,2025-09-01T15:50:56
R1176,A109,FOOD_COURT,2025-09-01T14:13:38
R1166,A324,FOOD_COURT,2025-09-01T14:56:26
R1134,A288,LOBBY,2025-09-01T16:36:11
R1153,A253,HALL_A,2025-09-01T16:44:21
R1101,A198,HALL_B,2025-09-01T08:42:53
R1251,A303,LOBBY,2025-09-01T11:45:10
R1265,A173,HALL_C,2025-09-01T08:15:40
R1167,A152,HALL_A,2025-09-01T14:29:55
R1053,A169,FOOD_COURT,2025-09-01T17:27:22
R1184,A261,LOBBY,2025-09-01T12:36:00
R1197,A149,LOBBY,2025-09-01T08:43:26
R1092,A247,FOOD_COURT,2025-09-01T14:41:43
R1131,A201,HALL_C,2025-09-01T11:52:42
R1213,A127,HALL_A,2025-09-01T16:20:24
R1186,A323,HALL_B,2025-09-01T13:38:35
R1204,A334,HALL_B,2025-09-01T08:51:52
R1058,A145,HALL_A,2025-09-01T11:09:42
R1266,A389,HALL_A,2025-09-01T17:14:34
R1107,A317,HALL_A,2025-09-01T17:56:09
R1138,A305,HALL_B,2025-09-01T12:32:42
R1070,A349,HALL_B,2025-09-01T10:07:02
R1299,A382,LOBBY,2025-09-01T13:01:29
R1248,A246,FOOD_COURT,2025-09-01T11:39:36
R1235,A327,HALL_C,2025-09-01T13:05:33
R1098,A183,HALL_A,2025-09-01T11:43:59
R1014,A353,LOBBY,2025-09-01T16:49:58
R1183,A373,HALL_B,2025-09-01T11:16:55
R1043,A181,HALL_A,2025-09-01T13:55:44
R1105,A276,HALL_B,2025-09-01T09:15:27
R1115,A218,HALL_A,2025-09-01T14:59:18
R1251,A368,HALL_C,2025-09-01T14:06:14
R1060,A118,LOBBY,2025-09-01T10:30:26
R1070,A291,HALL_C,2025-09-01T12:11:22
R1184,A119,FOOD_COURT,2025-09-01T10:53:19
R1109,A168,HALL_C,2025-09-01T09:30:16
R1009,A378,HALL_C,2025-09-01T17:09:07
R1284,A236,HALL_B,2025-09-01T13:32:23
R1222,A123,LOBBY,2025-09-01T12:49:56
R1192,A211,HALL_C,2025-09-01T14:02:36
R1100,A253,FOOD_COURT,2025-09-01T10:27:45
R1300,A212,FOOD_COURT,2025-09-01T15:20:40
R1225,A385,HALL_A,2025-09-01T15:03:50
R1273,A141,HALL_B,2025-09-01T10:15:15
R1151,A354,HALL_C,2025-09-01T17:06:33
R1018,A174,HALL_B,2025-09-01T13:31:05
R1213,A116,FOOD_COURT,2025-09-01T13:43:18
R1142,A301,FOOD_COURT,2025-09-01T16:48:11
R1059,A377,LOBBY,2025-09-01T16:45:59
R1218,A289,HALL_B,2025-09-01T11:24:19
R1061,A143,FOOD_COURT,2025-09-01T11:29:04
R1284,A155,FOOD_COURT,2025-09-01T08:24:36
R1182,A305,HALL_B,2025-09-01T15:11:12
R1058,A202,HALL_B,2025-09-01T16:09:18
R1141,A108,HALL_C,2025-09-01T08:02:29
R1129,A400,FOOD_COURT,2025-09-01T17:37:54
R1004,A234,HALL_C,2025-09-01T13:45:46
R1270,A233,HALL_B,2025-09-01T11:12:25
R1201,A165,HALL_C,2025-09-01T16:35:44
R1124,A132,HALL_A,2025-09-01T15:02:06
R1257,A208,FOOD_COURT,2025-09-01T12:02:42
R1163,A289,HALL_B,2025-09-01T12:28:27
R1205,A364,HALL_B,2025-09-01T11:46:11
R1066,A379,HALL_C,2025-09-01T15:55:04
R1252,A225,FOOD_COURT,2025-09-01T13:55:20
R1019,A255,FOOD_COURT,2025-09-01T10:20:31
R1102,A115,FOOD_COURT,2025-09-01T13:59:52
R1108,A314,LOBBY,2025-09-01T13:06:28
R1012,A133,HALL_A,2025-09-01T14:19:21
R1248,A274,LOBBY,2025-09-01T08:20:35
R1008,A398,LOBBY,2025-09-01T17:42:35
R1146,A344,HALL_A,2025-09-01T17:58:04
R1287,A252,HALL_B,2025-09-01T17:38:41
R1027,A280,HALL_C,2025-09-01T16:39:21
R1019,A268,HALL_C,2025-09-01T09:49:30
R1059,A183,HALL_C,2025-09-01T16:27:01
R1044,A384,FOOD_COURT,2025-09-01T09:56:58
R1267,A291,HALL_B,2025-09-01T12:41:08
R1229,A217,HALL_B,2025-09-01T11:46:01
R1006,A300,HALL_A,2025-09-01T15:34:32
R1210,A120,HALL_B,2025-09-01T14:19:03
R1143,A215,FOOD_COURT,2025-09-01T09:38:30
R1224,A348,FOOD_COURT,2025-09-01T10:01:04
R1066,A387,FOOD_COURT,2025-09-01T08:15:18
R1241,A291,HALL_C,2025-09-01T12:57:07
R1175,A338,HALL_B,2025-09-01T17:40:13
R1097,A354,FOOD_COURT,2025-09-01T10:46:17
R1288,A148,LOBBY,2025-09-01T14:24:30
R1247,A141,LOBBY,2025-09-01T10:31:05
R1068,A329,HALL_A,2025-09-01T13:58:02
R1183,A395,LOBBY,2025-09-01T17:26:12
R1010,A219,HALL_B,2025-09-01T10:41:33
R1235,A150,FOOD_COURT,2025-09-01T14:46:27
R1286,A257,FOOD_COURT,2025-09-01T14:23:16
R1089,A266,LOBBY,2025-09-01T14:07:44
R1119,A293,HALL_C,2025-09-01T16:28:39
R1055,A137,HALL_B,2025-09-01T14:44:57
R1247,A241,HALL_B,2025-09-01T13:07:32
R1033,A152,HALL_A,2025-09-01T17:57:38
R1124,A380,HALL_B,2025-09-01T12:56:28
R1257,A141,LOBBY,2025-09-01T09:07:52
R1053,A380,HALL_C,2025-09-01T12:39:20
R1195,A146,HALL_C,2025-09-01T13:08:33
R1023,A129,HALL_A,2025-09-01T11:53:50
R1140,A280,HALL_C,2025-09-01T12:14:13
R1201,A233,FOOD_COURT,2025-09-01T11:13:55
R1081,A370,HALL_A,2025-09-01T15:23:22
R1284,A272,LOBBY,2025-09-01T11:16:34
R1045,A280,LOBBY,2025-09-01T10:29:34
R1067,A124,LOBBY,2025-09-01T15:14:24
R1070,A306,FOOD_COURT,2025-09-01T16:25:20
R1251,A306,HALL_A,2025-09-01T16:03:52
R1040,A141,FOOD_COURT,2025-09-01T14:10:57
R1291,A139,HALL_C,2025-09-01T11:51:36
R1182,A224,HALL_B,2025-09-01T12:00:27
R1241,A184,HALL_A,2025-09-01T16:05:17
R1160,A298,HALL_C,2025-09-01T11:40:13
R1123,A238,LOBBY,2025-09-01T09:41:43
R1060,A323,FOOD_COURT,2025-09-01T17:15:58
R1036,A378,LOBBY,2025-09-01T10:53:56
R1047,A206,LOBBY,2025-09-01T16:05:07
R1254,A326,FOOD_COURT,2025-09-01T14:00:01
R1137,A102,FOOD_COURT,2025-09-01T14:44:08
R1111,A196,HALL_C,2025-09-01T08:17:05
R1049,A194,HALL_C,2025-09-01T11:30:38
R1107,A332,FOOD_COURT,2025-09-01T16:03:59
R1240,A332,HALL_B,2025-09-01T15:51:01
R1257,A330,LOBBY,2025-09-01T17:54:59
R1115,A395,HALL_B,2025-09-01T12:58:03
R1210,A271,LOBBY,2025-09-01T17:24:29
R1062,A267,FOOD_COURT,2025-09-01T12:28:34
R1066,A195,HALL_B,2025-09-01T09:57:21
R1066,A391,LOBBY,2025-09-01T17:03:30
R1005,A216,FOOD_COURT,2025-09-01T15:50:23
R1186,A272,HALL_B,2025-09-01T12:03:35
R1011,A360,LOBBY,2025-09-01T08:33:43
R1101,A242,HALL_A,2025-09-01T11:33:40
R1275,A256,HALL_B,2025-09-01T12:16:35
R1210,A191,FOOD_COURT,2025-09-01T14:21:37
R1081,A385,LOBBY,2025-09-01T13:33:09
R1016,A218,FOOD_COURT,2025-09-01T16:03:44
R1243,A301,LOBBY,2025-09-01T14:56:29
R1099,A352,HALL_B,2025-09-01T15:06:53
R1248,A305,LOBBY,2025-09-01T12:22:21
R1295,A301,HALL_B,2025-09-01T10:01:29
R1254,A354,FOOD_COURT,2025-09-01T09:32:49
R1095,A217,HALL_C,2025-09-01T14:45:39
R1161,A312,HALL_C,2025-09-01T13:07:19
R1261,A239,HALL_B,2025-09-01T11:44:53
R1248,A168,HALL_B,2025-09-01T16:30:07
R1165,A382,HALL_A,2025-09-01T10:42:47
R1189,A389,HALL_B,2025-09-01T17:01:30
R1045,A234,HALL_A,2025-09-01T14:13:48
R1133,A258,LOBBY,2025-09-01T14:46:59
R1296,A268,HALL_B,2025-09-01T11:03:33
R1133,A285,HALL_A,2025-09-01T14:41:34
R1216,A127,HALL_B,2025-09-01T16:37:57
R1044,A400,HALL_B,2025-09-01T14:24:02
R1091,A233,HALL_C,2025-09-01T13:16:03
R1223,A339,HALL_C,2025-09-01T09:24:08
R1086,A147,LOBBY,2025-09-01T10:56:53
R1215,A293,HALL_B,2025-09-01T11:55:31
R1226,A235,LOBBY,2025-09-01T08:25:54
R1289,A375,HALL_B,2025-09-01T08:38:32
R1188,A222,FOOD_COURT,2025-09-01T08:13:05
R1075,A345,LOBBY,2025-09-01T08:01:07
R1071,A358,HALL_C,2025-09-01T08:14:18
R1264,A162,HALL_B,2025-09-01T16:38:37
R1179,A125,FOOD_COURT,2025-09-01T10:02:55
R1113,A295,FOOD_COURT,2025-09-01T17:51:22
R1127,A293,HALL_A,2025-09-01T08:03:34
R1137,A237,LOBBY,2025-09-01T11:21:19
R1189,A336,FOOD_COURT,2025-09-01T10:30:01
R1010,A361,HALL_A,2025-09-01T10:47:53
R1227,A132,HALL_C,2025-09-01T11:12:37
R1138,A238,FOOD_COURT,2025-09-01T12:56:11
R1022,A365,FOOD_COURT,2025-09-01T14:50:28
R1242,A250,LOBBY,2025-09-01T13:41:23
R1240,A346,HALL_C,2025-09-01T09:38:48
R1180,A229,HALL_B,2025-09-01T10:07:22
R1173,A222,LOBBY,2025-09-01T08:03:15
R1042,A140,FOOD_COURT,2025-09-01T13:15:32
R1218,A205,HALL_B,2025-09-01T10:05:10
R1005,A313,FOOD_COURT,2025-09-01T10:25:54
R1073,A230,HALL_B,2025-09-01T10:13:58
R1166,A231,FOOD_COURT,2025-09-01T15:06:32
R1232,A197,HALL_A,2025-09-01T17:29:42
R1133,A380,HALL_C,2025-09-01T14:21:16
R1132,A104,LOBBY,2025-09-01T16:07:21
R1289,A275,FOOD_COURT,2025-09-01T15:59:49
R1238,A184,FOOD_COURT,2025-09-01T17:27:03
R1274,A281,FOOD_COURT,2025-09-01T16:20:58
R1233,A165,HALL_B,2025-09-01T15:29:16
R1099,A319,FOOD_COURT,2025-09-01T15:31:53
R1120,A314,HALL_A,2025-09-01T09:20:07
R1072,A167,LOBBY,2025-09-01T14:43:17
R1160,A114,HALL_A,2025-09-01T08:09:15
R1100,A127,HALL_C,2025-09-01T11:43:40
R1035,A313,FOOD_COURT,2025-09-01T17:19:42
R1257,A111,HALL_C,2025-09-01T10:34:51
R1046,A345,HALL_B,2025-09-01T16:17:35
R1197,A225,HALL_B,2025-09-01T11:20:58
R1206,A178,LOBBY,2025-09-01T10:14:10
R1188,A296,HALL_C,2025-09-01T09:59:40
R1138,A392,HALL_C,2025-09-01T10:40:04
R1072,A233,HALL_B,2025-09-01T09:14:58
R1213,A104,FOOD_COURT,2025-09-01T12:37:56
R1172,A171,FOOD_COURT,2025-09-01T09:04:44
R1122,A242,HALL_B,2025-09-01T14:32:15
R1147,A360,LOBBY,2025-09-01T16:18:22
R1234,A275,HALL_A,2025-09-01T16:01:12
R1141,A212,HALL_A,2025-09-01T14:40:35
R1060,A276,FOOD_COURT,2025-09-01T15:15:01
R1224,A251,FOOD_COURT,2025-09-01T14:05:18
R1181,A372,FOOD_COURT,2025-09-01T15:34:42
R1138,A394,HALL_C,2025-09-01T16:51:22
R1035,A243,HALL_A,2025-09-01T09:23:41
R1279,A399,HALL_C,2025-09-01T12:54:06
R1281,A274,HALL_C,2025-09-01T09:49:08
R1087,A224,HALL_A,2025-09-01T08:26:23
R1089,A122,HALL_C,2025-09-01T14:29:42
R1153,A214,HALL_A,2025-09-01T17:23:07
R1071,A326,HALL_B,2025-09-01T14:07:07
R1074,A297,HALL_A,2025-09-01T09:18:11
R1120,A188,HALL_B,2025-09-01T17:38:26
R1031,A157,LOBBY,2025-09-01T12:04:48
R1170,A115,HALL_A,2025-09-01T12:15:43
R1040,A238,FOOD_COURT,2025-09-01T15:14:20
R1160,A346,HALL_C,2025-09-01T15:26:35
R1073,A248,LOBBY,2025-09-01T13:48:31
R1233,A137,HALL_C,2025-09-01T15:33:22
R1183,A239,HALL_A,2025-09-01T09:29:14
R1033,A372,HALL_A,2025-09-01T10:42:44
R1205,A261,HALL_A,2025-09-01T09:46:52
R1045,A124,FOOD_COURT,2025-09-01T09:19:26
R1225,A119,HALL_B,2025-09-01T15:42:56
R1218,A349,HALL_A,2025-09-01T09:57:13
R1113,A377,FOOD_COURT,2025-09-01T08:39:45
R1235,A326,HALL_C,2025-09-01T14:07:13
R1138,A204,LOBBY,2025-09-01T14:49:18
R1139,A347,HALL_C,2025-09-01T08:38:39
R1123,A136,HALL_B,2025-09-01T10:14:52
R1106,A234,LOBBY,2025-09-01T10:04:56
R1149,A106,HALL_B,2025-09-01T10:24:53
R1176,A206,LOBBY,2025-09-01T15:27:43
R1285,A296,FOOD_COURT,2025-09-01T15:34:41
R1050,A308,FOOD_COURT,2025-09-01T15:48:37
R1082,A214,HALL_C,2025-09-01T16:23:38
R1250,A396,FOOD_COURT,2025-09-01T12:56:10
R1219,A346,FOOD_COURT,2025-09-01T14:31:41
R1164,A287,LOBBY,2025-09-01T16:27:58
R1216,A125,HALL_B,2025-09-01T13:20:03
R1033,A160,HALL_A,2025-09-01T09:59:52
R1201,A399,HALL_B,2025-09-01T15:41:46
R1214,A285,LOBBY,2025-09-01T17:27:58
R1063,A311,LOBBY,2025-09-01T11:04:02
R1019,A293,HALL_C,2025-09-01T11:49:40
R1178,A103,HALL_A,2025-09-01T10:45:03
R1274,A216,LOBBY,2025-09-01T16:07:29
R1247,A385,LOBBY,2025-09-01T14:07:37
R1201,A376,LOBBY,2025-09-01T12:12:39
R1229,A155,HALL_B,2025-09-01T10:27:38
R1143,A254,FOOD_COURT,2025-09-01T11:05:28
R1053,A213,FOOD_COURT,2025-09-01T15:26:46
R1285,A250,HALL_B,2025-09-01T16:11:02
R1113,A177,HALL_B,2025-09-01T09:58:29
R1049,A177,HALL_A,2025-09-01T14:32:12
R1148,A312,HALL_C,2025-09-01T14:39:50
R1013,A152,HALL_C,2025-09-01T16:52:28
R1050,A285,HALL_A,2025-09-01T13:40:47
R1035,A184,FOOD_COURT,2025-09-01T11:00:26
R1001,A376,LOBBY,2025-09-01T08:38:30
R1236,A189,LOBBY,2025-09-01T11:23:57
R1050,A297,HALL_A,2025-09-01T12:14:29
R1163,A397,LOBBY,2025-09-01T16:09:11
R1199,A198,HALL_C,2025-09-01T17:11:13
R1261,A262,HALL_B,2025-09-01T16:05:27
R1045,A262,HALL_C,2025-09-01T15:09:46
R1016,A186,HALL_A,2025-09-01T10:22:39
R1109,A199,LOBBY,2025-09-01T16:30:49
R1224,A338,HALL_A,2025-09-01T08:23:30
R1128,A314,LOBBY,2025-09-01T08:29:41
R1097,A306,HALL_C,2025-09-01T16:49:46
R1270,A330,HALL_C,2025-09-01T09:37:54
R1242,A239,FOOD_COURT,2025-09-01T14:09:08
R1233,A328,HALL_B,2025-09-01T15:27:48
R1214,A295,HALL_C,2025-09-01T12:09:41
R1012,A194,HALL_C,2025-09-01T17:05:19
R1262,A204,FOOD_COURT,2025-09-01T13:34:15
R1184,A289,HALL_B,2025-09-01T17:34:50
R1269,A219,FOOD_COURT,2025-09-01T17:54:07
R1123,A309,FOOD_COURT,2025-09-01T11:45:04
R1043,A331,HALL_B,2025-09-01T13:34:11
R1001,A282,HALL_B,2025-09-01T11:12:37
R1291,A316,HALL_A,2025-09-01T17:10:17
R1244,A248,FOOD_COURT,2025-09-01T15:53:00
R1280,A380,HALL_B,2025-09-01T17:56:55
R1043,A207,FOOD_COURT,2025-09-01T16:31:57
R1276,A131,HALL_A,2025-09-01T16:27:09
R1103,A203,HALL_C,2025-09-01T08:21:47
R1050,A295,HALL_C,2025-09-01T08:47:56
R1174,A131,HALL_B,2025-09-01T17:48:01
R1294,A226,HALL_A,2025-09-01T10:31:26
R1151,A138,HALL_A,2025-09-01T13:13:36
R1032,A267,HALL_C,2025-09-01T14:26:36
R1168,A136,LOBBY,2025-09-01T10:48:04
R1115,A272,HALL_B,2025-09-01T12:26:26
R1078,A255,HALL_C,2025-09-01T08:25:16
R1283,A128,FOOD_COURT,2025-09-01T15:47:12
R1087,A229,FOOD_COURT,2025-09-01T11:11:45
R1077,A169,FOOD_COURT,2025-09-01T11:43:26
R1267,A306,HALL_A,2025-09-01T10:21:26
R1208,A331,HALL_B,2025-09-01T14:50:42
R1243,A392,HALL_A,2025-09-01T14:39:01
R1112,A155,HALL_C,2025-09-01T09:34:51
R1133,A364,HALL_B,2025-09-01T11:55:11
R1110,A167,HALL_B,2025-09-01T12:16:48
R1215,A314,HALL_A,2025-09-01T14:47:36
R1278,A321,HALL_B,2025-09-01T12:47:27
R1182,A345,HALL_B,2025-09-01T09:27:07
R1077,A352,HALL_B,2025-09-01T12:47:33
R1162,A240,LOBBY,2025-09-01T14:43:31
R1290,A199,FOOD_COURT,2025-09-01T11:18:27
R1210,A108,HALL_C,2025-09-01T16:54:53
R1236,A244,HALL_A,2025-09-01T08:30:52
R1300,A266,HALL_C,2025-09-01T09:57:24
R1229,A140,HALL_C,2025-09-01T11:37:56
R1025,A224,HALL_A,2025-09-01T11:47:14
R1069,A297,HALL_C,2025-09-01T11:40:48
R1011,A220,FOOD_COURT,2025-09-01T17:24:57
R1102,A108,FOOD_COURT,2025-09-01T12:30:54
R1277,A345,FOOD_COURT,2025-09-01T15:29:01
R1114,A194,HALL_B,2025-09-01T08:34:56
R1008,A237,HALL_B,2025-09-01T11:33:42
R1140,A232,HALL_B,2025-09-01T13:57:18
R1043,A121,FOOD_COURT,2025-09-01T09:36:10
R1154,A166,HALL_B,2025-09-01T16:21:00
R1271,A159,LOBBY,2025-09-01T12:02:36
R1148,A110,HALL_B,2025-09-01T15:00:24
R1230,A103,HALL_A,2025-09-01T08:10:35
R1111,A350,LOBBY,2025-09-01T13:06:45
R1223,A308,HALL_C,2025-09-01T08:22:21
R1231,A173,HALL_C,2025-09-01T14:30:01
R1175,A333,FOOD_COURT,2025-09-01T13:46:19
R1177,A197,HALL_A,2025-09-01T15:34:48
R1092,A183,HALL_A,2025-09-01T13:33:54
R1203,A330,LOBBY,2025-09-01T16:25:50
R1110,A362,HALL_B,2025-09-01T13:46:53
R1210,A255,HALL_C,2025-09-01T10:39:36
R1091,A232,HALL_B,2025-09-01T11:39:00
R1062,A303,HALL_B,2025-09-01T15:09:10
R1186,A135,LOBBY,2025-09-01T16:31:44
R1042,A318,HALL_C,2025-09-01T15:58:32
R1255,A172,FOOD_COURT,2025-09-01T08:30:39
R1041,A183,HALL_C,2025-09-01T10:32:00
R1237,A143,HALL_C,2025-09-01T16:03:07
R1175,A211,HALL_C,2025-09-01T09:25:45
R1218,A131,HALL_A,2025-09-01T12:40:21
R1075,A236,HALL_A,2025-09-01T16:41:53
R1074,A180,HALL_C,2025-09-01T17:06:42
R1150,A118,HALL_C,2025-09-01T16:17:44
R1249,A355,HALL_B,2025-09-01T16:59:45
R1177,A396,HALL_C,2025-09-01T17:34:59
R1166,A210,HALL_B,2025-09-01T10:57:35
R1132,A346,LOBBY,2025-09-01T10:38:52
R1096,A393,FOOD_COURT,2025-09-01T08:43:07
R1103,A347,HALL_B,2025-09-01T09:48:43
R1087,A196,LOBBY,2025-09-01T16:30:38
R1275,A149,FOOD_COURT,2025-09-01T13:55:58
R1167,A190,HALL_C,2025-09-01T15:07:59
R1019,A208,HALL_C,2025-09-01T09:27:33
R1007,A277,HALL_C,2025-09-01T14:39:57
R1273,A274,FOOD_COURT,2025-09-01T10:47:47
R1147,A211,FOOD_COURT,2025-09-01T09:09:43
R1163,A308,FOOD_COURT,2025-09-01T16:30:54
R1180,A336,HALL_B,2025-09-01T09:22:36
R1021,A222,HALL_C,2025-09-01T10:55:31
R1005,A196,LOBBY,2025-09-01T15:33:08
R1167,A158,HALL_B,2025-09-01T10:26:27
R1193,A231,HALL_C,2025-09-01T12:14:36
R1293,A392,HALL_C,2025-09-01T17:27:20
R1047,A237,HALL_A,2025-09-01T16:20:13
R1140,A210,FOOD_COURT,2025-09-01T12:08:48
R1220,A348,HALL_B,2025-09-01T09:44:19
R1076,A239,HALL_B,2025-09-01T10:09:59
R1236,A142,HALL_A,2025-09-01T13:58:57
R1221,A221,LOBBY,2025-09-01T15:36:03
R1166,A280,HALL_C,2025-09-01T09:23:23
R1140,A165,HALL_A,2025-09-01T11:39:40
R1135,A230,HALL_A,2025-09-01T11:12:29
R1034,A225,HALL_A,2025-09-01T14:45:52
R1040,A380,HALL_C,2025-09-01T09:06:16
R1034,A202,HALL_A,2025-09-01T11:06:17
R1228,A399,LOBBY,2025-09-01T10:24:17
R1102,A381,LOBBY,2025-09-01T16:23:53
R1031,A157,LOBBY,2025-09-01T15:15:26
R1126,A293,FOOD_COURT,2025-09-01T08:28:47
R1280,A391,HALL_A,2025-09-01T14:19:50
R1045,A154,HALL_C,2025-09-01T17:05:53
R1035,A270,HALL_A,2025-09-01T10:03:03
R1006,A225,LOBBY,2025-09-01T11:32:55
R1158,A269,FOOD_COURT,2025-09-01T14:53:37
R1067,A134,FOOD_COURT,2025-09-01T11:52:18
R1092,A199,HALL_C,2025-09-01T16:37:30
R1113,A224,HALL_C,2025-09-01T17:02:10
R1072,A203,LOBBY,2025-09-01T17:40:04
R1214,A163,FOOD_COURT,2025-09-01T08:57:53
R1028,A230,LOBBY,2025-09-01T14:20:14
R1286,A174,FOOD_COURT,2025-09-01T16:33:56
R1051,A306,LOBBY,2025-09-01T15:09:11
R1266,A118,HALL_C,2025-09-01T15:44:39
R1064,A139,LOBBY,2025-09-01T14:36:18
R1274,A320,FOOD_COURT,2025-09-01T15:06:32
R1239,A350,HALL_A,2025-09-01T09:50:58
R1042,A134,FOOD_COURT,2025-09-01T16:51:59
R1138,A339,FOOD_COURT,2025-09-01T14:29:56
R1220,A242,HALL_C,2025-09-01T17:48:04
R1203,A363,HALL_B,2025-09-01T09:30:36
R1219,A266,HALL_B,2025-09-01T11:33:43
R1039,A288,HALL_A,2025-09-01T09:21:42
R1206,A397,HALL_A,2025-09-01T10:04:15
R1168,A345,HALL_B,2025-09-01T15:04:59
R1244,A171,FOOD_COURT,2025-09-01T11:40:32
R1098,A157,HALL_C,2025-09-01T09:32:50
R1203,A394,HALL_A,2025-09-01T08:20:39
R1051,A285,HALL_C,2025-09-01T16:07:02
R1177,A125,HALL_C,2025-09-01T12:13:04
R1220,A151,LOBBY,2025-09-01T11:31:07
R1003,A367,LOBBY,2025-09-01T15:31:32
R1284,A298,HALL_C,2025-09-01T14:13:12
R1061,A398,HALL_C,2025-09-01T13:03:06
R1181,A340,HALL_B,2025-09-01T14:30:13
R1024,A394,HALL_C,2025-09-01T09:07:35
