ticket_id,attendee_id,gate_id,timestamp
T0001,A170,G1,2025-09-01T14:16:11
T0002,A323,G3,2025-09-01T12:10:30
T0003,A149,G2,2025-09-01T10:22:38
T0004,A142,G1,2025-09-01T08:57:46
T0005,A386,G4,2025-09-01T10:47:34
T0006,A160,G4,2025-09-01T16:44:20
T0007,A213,G1,2025-09-01T11:25:41
T0008,A339,G3,2025-09-01T15:38:24
T0009,A376,G1,2025-09-01T09:33:58
T0010,A178,G1,2025-09-01T08:38:40
T0011,A146,G2,2025-09-01T08:31:47
T0012,A124,G1,2025-09-01T16:28:18
T0013,A377,G2,2025-09-01T14:29:19
T0014,A148,G2,2025-09-01T17:57:19
T0015,A371,G1,2025-09-01T15:27:38
T0016,A299,G2,2025-09-01T10:28:37
T0017,A381,G3,2025-09-01T13:06:23
T0018,A356,G2,2025-09-01T08:31:02
T0019,A386,G3,2025-09-01T14:05:07
T0020,A161,G4,2025-09-01T17:46:55
T0021,A270,G1,2025-09-01T15:27:47
T0022,A187,G2,2025-09-01T12:15:58
T0023,A396,G2,2025-09-01T15:57:43
T0024,A230,G3,2025-09-01T08:04:28
T0025,A334,G4,2025-09-01T15:30:25
T0026,A361,G2,2025-09-01T15:00:15
T0027,A146,G2,2025-09-01T15:18:46
T0028,A398,G1,2025-09-01T09:30:56
T0029,A246,G3,2025-09-01T13:38:05
T0030,A123,G2,2025-09-01T10:06:11
T0031,A392,G2,2025-09-01T16:24:33
T0032,A268,G4,2025-09-01T17:38:10
T0033,A381,G1,2025-09-01T12:29:08
T0034,A156,G1,2025-09-01T14:44:56
T0035,A224,G4,2025-09-01T11:39:20
T0036,A232,G2,2025-09-01T17:37:01
T0037,A275,G1,2025-09-01T10:20:54
T0038,A215,G2,2025-09-01T14:05:06
T0039,A384,G2,2025-09-01T14:20:32
T0040,A375,G3,2025-09-01T16:06:02
T0041,A220,G3,2025-09-01T10:53:58
T0042,A262,G2,2025-09-01T13:28:35
T0043,A214,G4,2025-09-01T12:59:57
T0044,A120,G1,2025-09-01T11:15:41
T0045,A241,G1,2025-09-01T11:37:56
T0046,A364,G1,2025-09-01T10:52:37
T0047,A257,G4,2025-09-01T16:57:53
T0048,A117,G4,2025-09-01T15:19:44
T0049,A103,G3,2025-09-01T14:06:40
T0050,A106,G3,2025-09-01T15:55:17
T0051,A252,G4,2025-09-01T09:56:29
T0052,A235,G2,2025-09-01T09:55:10
T0053,A209,G1,2025-09-01T11:09:41
T0054,A365,G1,2025-09-01T15:46:37
T0055,A357,G1,2025-09-01T16:18:05
T0056,A334,G4,2025-09-01T10:55:42
T0057,A101,G2,2025-09-01T12:22:29
T0058,A142,G3,2025-09-01T12:58:03
T0059,A269,G1,2025-09-01T17:17:11
T0060,A260,G1,2025-09-01T14:26:02
T0061,A234,G2,2025-09-01T10:03:15
T0062,A344,G2,2025-09-01T15:09:08
T0063,A362,G2,2025-09-01T17:49:25
T0064,A118,G2,2025-09-01T10:03:08
T0065,A142,G1,2025-09-01T11:33:59
T0066,A350,G4,2025-09-01T10:26:44
T0067,A377,G1,2025-09-01T09:41:41
T0068,A244,G1,2025-09-01T10:55:42
T0069,A195,G1,2025-09-01T10:41:49
T0070,A368,G2,2025-09-01T10:07:47
T0071,A208,G1,2025-09-01T15:35:54
T0072,A390,G3,2025-09-01T08:03:16
T0073,A148,G4,2025-09-01T09:14:23
T0074,A231,G3,2025-09-01T11:47:18
T0075,A158,G2,2025-09-01T10:19:52
T0076,A272,G3,2025-09-01T17:38:13
T0077,A183,G4,2025-09-01T09:49:02
T0078,A247,G3,2025-09-01T13:48:49
T0079,A119,G3,2025-09-01T15:24:40
T0080,A210,G4,2025-09-01T09:42:17
T0081,A342,G1,2025-09-01T09:55:53
T0082,A154,G4,2025-09-01T09:44:40
T0083,A250,G4,2025-09-01T09:17:37
T0084,A124,G2,2025-09-01T16:07:33
T0085,A270,G3,2025-09-01T11:12:27
T0086,A325,G2,2025-09-01T17:37:08
T0087,A114,G4,2025-09-01T15:22:27
T0088,A141,G3,2025-09-01T16:13:37
T0089,A202,G4,2025-09-01T11:44:46
T0090,A139,G2,2025-09-01T08:00:36
T0091,A387,G2,2025-09-01T11:24:50
T0092,A127,G1,2025-09-01T11:29:06
T0093,A153,G4,2025-09-01T13:47:50
T0094,A325,G1,2025-09-01T11:31:58
T0095,A218,G2,2025-09-01T14:35:22
T0096,A330,G4,2025-09-01T08:54:58
T0097,A224,G3,2025-09-01T14:42:51
T0098,A153,G1,2025-09-01T11:21:35
T0099,A260,G2,2025-09-01T12:07:14
T0100,A286,G1,2025-09-01T08:18:34
T0101,A370,G2,2025-09-01T09:05:00
T0102,A363,G4,2025-09-01T10:28:05
T0103,A168,G2,2025-09-01T14:54:53
T0104,A378,G3,2025-09-01T12:34:22
T0105,A321,G3,2025-09-01T16:45:12
T0106,A211,G1,2025-09-01T14:23:27
T0107,A344,G3,2025-09-01T09:36:42
T0108,A261,G3,2025-09-01T13:33:41
T0109,A396,G3,2025-09-01T10:22:03
T0110,A390,G4,2025-09-01T15:52:40
T0111,A244,G3,2025-09-01T08:03:58
T0112,A231,G3,2025-09-01T09:23:50
T0113,A229,G1,2025-09-01T17:41:23
T0114,A328,G3,2025-09-01T08:54:17
T0115,A178,G4,2025-09-01T11:37:58
T0116,A108,G1,2025-09-01T15:04:47
T0117,A225,G3,2025-09-01T09:27:11
T0118,A285,G3,2025-09-01T15:36:59
T0119,A333,G1,2025-09-01T11:12:30
T0120,A306,G2,2025-09-01T17:21:37
T0121,A337,G3,2025-09-01T13:17:45
T0122,A236,G3,2025-09-01T10:56:00
T0123,A267,G2,2025-09-01T11:50:47
T0124,A268,G3,2025-09-01T09:51:02
T0125,A204,G1,2025-09-01T15:28:15
T0126,A258,G3,2025-09-01T11:57:32
T0127,A285,G2,2025-09-01T12:45:30
T0128,A156,G3,2025-09-01T13:26:24
T0129,A213,G3,2025-09-01T15:36:49
T0130,A263,G1,2025-09-01T10:26:52
T0131,A102,G3,2025-09-01T14:13:13
T0132,A237,G4,2025-09-01T15:28:29
T0133,A328,G1,2025-09-01T16:27:42
T0134,A368,G2,2025-09-01T15:09:19
T0135,A287,G4,2025-09-01T17:10:11
T0136,A203,G4,2025-09-01T09:17:06
T0137,A281,G4,2025-09-01T09:47:40
T0138,A167,G1,2025-09-01T11:47:58
T0139,A120,G2,2025-09-01T09:59:13
T0140,A347,G2,2025-09-01T16:49:21
T0141,A134,G1,2025-09-01T16:04:31
T0142,A203,G4,2025-09-01T16:20:23
T0143,A140,G1,2025-09-01T12:02:14
T0144,A377,G3,2025-09-01T14:32:50
T0145,A340,G3,2025-09-01T16:48:07
T0146,A205,G3,2025-09-01T12:46:49
T0147,A227,G3,2025-09-01T17:57:49
T0148,A217,G1,2025-09-01T16:12:20
T0149,A240,G4,2025-09-01T14:46:12
T0150,A302,G3,2025-09-01T15:57:33
T0151,A276,G1,2025-09-01T14:37:56
T0152,A194,G3,2025-09-01T10:30:42
T0153,A184,G2,2025-09-01T11:37:20
T0154,A154,G1,2025-09-01T08:59:21
T0155,A169,G3,2025-09-01T08:00:24
T0156,A238,G4,2025-09-01T17:21:16
T0157,A359,G1,2025-09-01T13:19:17
T0158,A213,G1,2025-09-01T11:45:58
T0159,A291,G3,2025-09-01T09:19:34
T0160,A324,G4,2025-09-01T17:09:30
T0161,A155,G2,2025-09-01T11:38:44
T0162,A251,G1,2025-09-01T11:46:33
T0163,A251,G1,2025-09-01T14:50:27
T0164,A202,G3,2025-09-01T13:12:15
T0165,A116,G3,2025-09-01T13:18:43
T0166,A396,G2,2025-09-01T08:17:06
T0167,A123,G1,2025-09-01T16:36:24
T0168,A162,G4,2025-09-01T11:25:31
T0169,A102,G4,2025-09-01T15:25:12
T0170,A395,G4,2025-09-01T10:48:04
T0171,A353,G3,2025-09-01T13:34:12
T0172,A388,G2,2025-09-01T09:34:48
T0173,A300,G3,2025-09-01T15:09:13
T0174,A145,G4,2025-09-01T08:22:51
T0175,A356,G4,2025-09-01T14:46:52
T0176,A380,G3,2025-09-01T10:53:37
T0177,A384,G4,2025-09-01T13:00:15
T0178,A364,G2,2025-09-01T12:01:35
T0179,A335,G1,2025-09-01T09:13:05
T0180,A157,G1,2025-09-01T15:34:08
T0181,A277,G2,2025-09-01T10:06:36
T0182,A182,G4,2025-09-01T14:55:59
T0183,A398,G4,2025-09-01T08:14:50
T0184,A232,G4,2025-09-01T12:52:05
T0185,A327,G1,2025-09-01T16:14:41
T0186,A328,G3,2025-09-01T09:51:47
T0187,A299,G1,2025-09-01T16:17:11
T0188,A151,G2,2025-09-01T14:48:28
T0189,A113,G3,2025-09-01T17:13:17
T0190,A200,G4,2025-09-01T10:19:48
T0191,A141,G3,2025-09-01T13:54:51
T0192,A200,G3,2025-09-01T11:07:45
T0193,A263,G2,2025-09-01T11:11:45
T0194,A186,G4,2025-09-01T13:05:31
T0195,A201,G4,2025-09-01T09:14:05
T0196,A243,G1,2025-09-01T15:59:04
T0197,A390,G4,2025-09-01T09:32:37
T0198,A316,G1,2025-09-01T16:24:17
T0199,A371,G2,2025-09-01T17:08:14
T0200,A145,G2,2025-09-01T13:11:42
T0201,A229,G3,2025-09-01T13:43:15
T0202,A265,G3,2025-09-01T17:45:43
T0203,A180,G1,2025-09-01T10:38:55
T0204,A102,G1,2025-09-01T12:22:43
T0205,A296,G3,2025-09-01T12:48:37
T0206,A253,G3,2025-09-01T17:19:32
T0207,A226,G1,2025-09-01T15:34:07
T0208,A263,G4,2025-09-01T16:32:34
T0209,A365,G2,2025-09-01T15:12:04
T0210,A372,G4,2025-09-01T14:46:51
T0211,A241,G2,2025-09-01T14:49:07
T0212,A144,G3,2025-09-01T15:19:36
T0213,A398,G2,2025-09-01T12:30:43
T0214,A341,G2,2025-09-01T10:35:37
T0215,A173,G4,2025-09-01T08:31:04
T0216,A228,G3,2025-09-01T10:13:08
T0217,A169,G1,2025-09-01T10:39:39
T0218,A276,G1,2025-09-01T12:29:37
T0219,A164,G4,2025-09-01T13:35:48
T0220,A323,G3,2025-09-01T14:02:46
T0221,A108,G3,2025-09-01T11:09:25
T0222,A295,G3,2025-09-01T17:42:31
T0223,A139,G2,2025-09-01T16:07:21
T0224,A178,G1,2025-09-01T17:28:23
T0225,A306,G4,2025-09-01T11:49:48
T0226,A323,G2,2025-09-01T17:42:57
T0227,A144,G4,2025-09-01T12:25:31
T0228,A195,G1,2025-09-01T16:29:34
T0229,A381,G1,2025-09-01T13:42:23
T0230,A339,G3,2025-09-01T10:04:53
T0231,A199,G3,2025-09-01T12:26:59
T0232,A334,G4,2025-09-01T14:20:57
T0233,A178,G3,2025-09-01T09:23:20
T0234,A230,G3,2025-09-01T17:10:09
T0235,A312,G4,2025-09-01T11:48:13
T0236,A280,G3,2025-09-01T14:55:46
T0237,A228,G2,2025-09-01T12:25:00
T0238,A357,G1,2025-09-01T11:22:28
T0239,A254,G2,2025-09-01T11:54:19
T0240,A389,G4,2025-09-01T10:25:38
T0241,A374,G2,2025-09-01T13:17:46
T0242,A251,G3,2025-09-01T12:07:15
T0243,A224,G4,2025-09-01T08:20:06
T0244,A213,G1,2025-09-01T13:08:52
T0245,A397,G1,2025-09-01T15:19:49
T0246,A181,G3,2025-09-01T17:05:54
T0247,A352,G4,2025-09-01T10:22:21
T0248,A104,G4,2025-09-01T13:41:02
T0249,A339,G1,2025-09-01T13:49:19
T0250,A193,G3,2025-09-01T12:20:58
T0251,A347,G3,2025-09-01T15:25:12
T0252,A129,G1,2025-09-01T11:17:57
T0253,A131,G1,2025-09-01T15:54:08
T0254,A263,G3,2025-09-01T15:04:17
T0255,A164,G4,2025-09-01T11:32:51
T0256,A155,G4,2025-09-01T12:20:29
T0257,A257,G2,2025-09-01T13:01:59
T0258,A195,G1,2025-09-01T10:28:12
T0259,A375,G1,2025-09-01T10:35:31
T0260,A249,G1,2025-09-01T09:19:04
T0261,A264,G2,2025-09-01T17:41:07
T0262,A124,G4,2025-09-01T16:25:20
T0263,A274,G4,2025-09-01T17:20:02
T0264,A233,G2,2025-09-01T16:09:47
T0265,A343,G1,2025-09-01T17:51:38
T0266,A190,G3,2025-09-01T14:25:56
T0267,A198,G1,2025-09-01T10:16:06
T0268,A294,G4,2025-09-01T14:33:51
T0269,A336,G1,2025-09-01T16:53:34
T0270,A141,G4,2025-09-01T14:41:18
T0271,A317,G2,2025-09-01T13:34:02
T0272,A115,G1,2025-09-01T13:05:28
T0273,A306,G3,2025-09-01T08:46:29
T0274,A235,G3,2025-09-01T17:51:19
T0275,A211,G3,2025-09-01T13:53:33
T0276,A348,G1,2025-09-01T09:12:41
T0277,A187,G4,2025-09-01T12:56:45
T0278,A192,G4,2025-09-01T17:16:46
T0279,A208,G1,2025-09-01T08:05:12
T0280,A305,G2,2025-09-01T17:38:38
T0281,A362,G2,2025-09-01T10:22:39
T0282,A247,G4,2025-09-01T13:55:39
T0283,A348,G2,2025-09-01T16:09:57
T0284,A187,G3,2025-09-01T15:08:56
T0285,A204,G4,2025-09-01T10:48:03
T0286,A374,G2,2025-09-01T14:33:32
T0287,A324,G1,2025-09-01T17:43:41
T0288,A214,G2,2025-09-01T11:56:45
T0289,A214,G3,2025-09-01T17:56:33
T0290,A212,G2,2025-09-01T15:28:04
T0291,A398,G1,2025-09-01T13:59:37
T0292,A343,G2,2025-09-01T13:39:05
T0293,A212,G1,2025-09-01T14:49:58
T0294,A113,G2,2025-09-01T14:23:08
T0295,A329,G2,2025-09-01T11:47:18
T0296,A228,G1,2025-09-01T14:20:48
T0297,A295,G1,2025-09-01T15:11:43
T0298,A128,G1,2025-09-01T13:55:53
T0299,A388,G4,2025-09-01T15:51:34
T0300,A184,G4,2025-09-01T14:22:42
T0301,A139,G4,2025-09-01T17:20:40
T0302,A151,G4,2025-09-01T17:20:00
T0303,A188,G1,2025-09-01T12:21:04
T0304,A209,G1,2025-09-01T17:21:28
T0305,A133,G2,2025-09-01T10:34:28
T0306,A240,G3,2025-09-01T15:45:51
T0307,A167,G3,2025-09-01T09:13:15
T0308,A384,G3,2025-09-01T09:30:23
T0309,A280,G1,2025-09-01T09:18:03
T0310,A362,G3,2025-09-01T12:23:18
T0311,A149,G4,2025-09-01T17:22:43
T0312,A254,G3,2025-09-01T13:54:40
T0313,A190,G1,2025-09-01T14:15:08
T0314,A254,G4,2025-09-01T09:14:28
T0315,A324,G2,2025-09-01T08:14:37
T0316,A107,G2,2025-09-01T16:34:39
T0317,A352,G1,2025-09-01T15:29:13
T0318,A239,G4,2025-09-01T16:07:01
T0319,A330,G3,2025-09-01T13:02:35
T0320,A315,G3,2025-09-01T12:20:15
T0321,A229,G3,2025-09-01T08:53:02
T0322,A316,G4,2025-09-01T16:13:36
T0323,A187,G3,2025-09-01T14:36:04
T0324,A104,G3,2025-09-01T14:55:39
T0325,A285,G2,2025-09-01T16:24:51
T0326,A143,G1,2025-09-01T17:48:51
T0327,A297,G4,2025-09-01T13:42:12
T0328,A288,G2,2025-09-01T14:51:34
T0329,A117,G3,2025-09-01T13:38:06
T0330,A282,G4,2025-09-01T10:18:14
T0331,A349,G2,2025-09-01T13:21:57
T0332,A200,G3,2025-09-01T16:11:01
T0333,A186,G2,2025-09-01T11:21:29
T0334,A206,G2,2025-09-01T12:18:56
T0335,A333,G4,2025-09-01T14:30:32
T0336,A105,G4,2025-09-01T14:53:50
T0337,A276,G4,2025-09-01T11:59:06
T0338,A199,G2,2025-09-01T12:13:03
T0339,A224,G3,2025-09-01T14:12:27
T0340,A388,G4,2025-09-01T17:47:30
T0341,A141,G2,2025-09-01T09:49:09
T0342,A258,G1,2025-09-01T15:27:10
T0343,A368,G4,2025-09-01T16:55:59
T0344,A162,G1,2025-09-01T11:34:34
T0345,A225,G4,2025-09-01T15:06:01
T0346,A211,G3,2025-09-01T12:35:09
T0347,A398,G3,2025-09-01T16:50:24
T0348,A315,G1,2025-09-01T09:40:45
T0349,A200,G4,2025-09-01T10:39:17
T0350,A369,G4,2025-09-01T13:40:20
T0351,A184,G1,2025-09-01T11:48:35
T0352,A314,G2,2025-09-01T09:59:44
T0353,A305,G1,2025-09-01T17:27:29
T0354,A277,G2,2025-09-01T08:58:14
T0355,A188,G2,2025-09-01T16:38:00
T0356,A246,G3,2025-09-01T13:18:36
T0357,A237,G1,2025-09-01T11:37:56
T0358,A373,G4,2025-09-01T16:56:34
T0359,A195,G2,2025-09-01T15:24:16
T0360,A238,G3,2025-09-01T09:00:52
T0361,A218,G1,2025-09-01T10:37:45
T0362,A111,G4,2025-09-01T13:31:38
T0363,A200,G1,2025-09-01T12:36:02
T0364,A253,G1,2025-09-01T08:31:49
T0365,A230,G3,2025-09-01T14:20:58
T0366,A389,G3,2025-09-01T09:16:52
T0367,A325,G1,2025-09-01T09:04:56
T0368,A195,G4,2025-09-01T17:07:40
T0369,A326,G4,2025-09-01T15:26:06
T0370,A227,G3,2025-09-01T10:14:52
T0371,A168,G3,2025-09-01T10:09:56
T0372,A356,G2,2025-09-01T15:14:22
T0373,A225,G3,2025-09-01T12:24:12
T0374,A214,G4,2025-09-01T10:07:56
T0375,A345,G3,2025-09-01T14:29:01
T0376,A323,G2,2025-09-01T17:36:30
T0377,A386,G4,2025-09-01T12:46:39
T0378,A285,G2,2025-09-01T11:39:07
T0379,A123,G2,2025-09-01T17:20:21
T0380,A255,G3,2025-09-01T13:40:03
T0381,A271,G3,2025-09-01T15:40:46
T0382,A219,G1,2025-09-01T12:39:44
T0383,A119,G1,2025-09-01T08:31:52
T0384,A158,G1,2025-09-01T11:57:41
T0385,A252,G2,2025-09-01T15:41:09
T0386,A321,G1,2025-09-01T13:52:22
T0387,A190,G3,2025-09-01T13:24:14
T0388,A124,G2,2025-09-01T09:20:26
T0389,A204,G3,2025-09-01T15:38:38
T0390,A162,G3,2025-09-01T08:14:15
T0391,A400,G3,2025-09-01T08:32:43
T0392,A365,G3,2025-09-01T10:38:26
T0393,A253,G3,2025-09-01T09:36:57
T0394,A114,G1,2025-09-01T16:02:31
T0395,A309,G3,2025-09-01T15:40:10
T0396,A114,G4,2025-09-01T15:01:32
T0397,A375,G3,2025-09-01T08:19:26
T0398,A346,G3,2025-09-01T14:04:29
T0399,A279,G3,2025-09-01T10:52:33
T0400,A322,G4,2025-09-01T17:05:09
T0401,A124,G1,2025-09-01T08:31:21
T0402,A232,G4,2025-09-01T16:09:49
T0403,A352,G4,2025-09-01T16:19:22
T0404,A393,G4,2025-09-01T15:39:19
T0405,A202,G4,2025-09-01T15:28:25
T0406,A133,G1,2025-09-01T08:12:55
T0407,A170,G3,2025-09-01T08:04:16
T0408,A102,G2,2025-09-01T12:45:42
T0409,A318,G1,2025-09-01T09:23:51
T0410,A347,G4,2025-09-01T12:55:03
T0411,A366,G2,2025-09-01T15:00:23
T0412,A141,G4,2025-09-01T10:02:24
T0413,A206,G1,2025-09-01T17:11:32
T0414,A381,G3,2025-09-01T09:05:07
T0415,A285,G4,2025-09-01T14:27:25
T0416,A227,G4,2025-09-01T11:40:52
T0417,A194,G1,2025-09-01T16:53:33
T0418,A351,G4,2025-09-01T08:04:30
T0419,A288,G3,2025-09-01T17:15:40
T0420,A266,G2,2025-09-01T10:25:59
T0421,A349,G3,2025-09-01T08:05:33
T0422,A188,G3,2025-09-01T17:39:56
T0423,A208,G2,2025-09-01T16:03:02
T0424,A105,G2,2025-09-01T11:27:59
T0425,A277,G2,2025-09-01T09:01:08
T0426,A253,G1,2025-09-01T11:19:03
T0427,A178,G4,2025-09-01T09:22:56
T0428,A239,G1,2025-09-01T15:29:38
T0429,A115,G4,2025-09-01T11:45:51
T0430,A298,G2,2025-09-01T11:30:18
T0431,A121,G2,2025-09-01T16:17:18
T0432,A313,G3,2025-09-01T09:37:37
T0433,A363,G1,2025-09-01T13:10:44
T0434,A312,G3,2025-09-01T16:17:49
T0435,A181,G4,2025-09-01T13:34:56
T0436,A169,G1,2025-09-01T16:44:02
T0437,A175,G4,2025-09-01T13:55:25
T0438,A222,G2,2025-09-01T08:43:58
T0439,A381,G2,2025-09-01T12:17:22
T0440,A232,G3,2025-09-01T08:25:59
T0441,A111,G2,2025-09-01T11:38:19
T0442,A189,G4,2025-09-01T08:08:37
T0443,A197,G1,2025-09-01T15:04:48
T0444,A134,G2,2025-09-01T10:11:43
T0445,A185,G2,2025-09-01T14:55:16
T0446,A215,G3,2025-09-01T08:59:50
T0447,A258,G3,2025-09-01T12:03:35
T0448,A393,G3,2025-09-01T15:21:49
T0449,A147,G4,2025-09-01T17:40:48
T0450,A232,G3,2025-09-01T12:14:57
T0451,A272,G2,2025-09-01T13:08:43
T0452,A345,G3,2025-09-01T08:51:30
T0453,A344,G4,2025-09-01T17:02:52
T0454,A268,G4,2025-09-01T10:51:07
T0455,A345,G4,2025-09-01T14:50:01
T0456,A284,G4,2025-09-01T10:11:18
T0457,A152,G3,2025-09-01T08:46:54
T0458,A355,G2,2025-09-01T17:25:56
T0459,A108,G3,2025-09-01T14:22:26
T0460,A327,G1,2025-09-01T16:45:38
T0461,A280,G2,2025-09-01T09:37:26
T0462,A151,G3,2025-09-01T13:27:59
T0463,A381,G4,2025-09-01T12:01:09
T0464,A375,G4,2025-09-01T13:32:33
T0465,A263,G1,2025-09-01T16:37:04
T0466,A121,G1,2025-09-01T09:35:17
T0467,A109,G4,2025-09-01T08:30:59
T0468,A117,G2,2025-09-01T11:57:09
T0469,A331,G2,2025-09-01T17:17:08
T0470,A181,G2,2025-09-01T16:07:49
T0471,A109,G3,2025-09-01T15:39:55
T0472,A196,G3,2025-09-01T17:20:18
T0473,A242,G3,2025-09-01T12:14:12
T0474,A392,G4,2025-09-01T11:36:32
T0475,A212,G3,2025-09-01T11:37:09
T0476,A191,G2,2025-09-01T11:04:15
T0477,A108,G4,2025-09-01T10:41:44
T0478,A306,G4,2025-09-01T12:23:15
T0479,A357,G3,2025-09-01T09:35:11
T0480,A230,G2,2025-09-01T10:35:33
T0481,A241,G4,2025-09-01T08:02:40
T0482,A172,G1,2025-09-01T17:06:33
T0483,A399,G2,2025-09-01T08:21:19
T0484,A366,G2,2025-09-01T14:09:45
T0485,A336,G4,2025-09-01T08:29:50
T0486,A316,G2,2025-09-01T17:06:24
T0487,A240,G1,2025-09-01T15:43:31
T0488,A285,G3,2025-09-01T08:17:52
T0489,A179,G2,2025-09-01T17:39:50
T0490,A231,G4,2025-09-01T10:08:52
T0491,A354,G3,2025-09-01T13:20:19
T0492,A174,G1,2025-09-01T08:18:14
T0493,A326,G2,2025-09-01T10:09:27
T0494,A270,G1,2025-09-01T15:11:13
T0495,A296,G3,2025-09-01T09:28:07
T0496,A367,G1,2025-09-01T08:15:48
T0497,A203,G2,2025-09-01T16:02:31
T0498,A341,G1,2025-09-01T09:07:18
T0499,A377,G3,2025-09-01T13:57:48
T0500,A142,G3,2025-09-01T09:50:23
T0501,A303,G4,2025-09-01T11:09:42
T0502,A215,G4,2025-09-01T10:50:09
T0503,A224,G2,2025-09-01T10:07:09
T0504,A240,G2,2025-09-01T13:38:01
T0505,A252,G3,2025-09-01T08:57:35
T0506,A270,G2,2025-09-01T12:27:17
T0507,A378,G4,2025-09-01T11:12:32
T0508,A322,G1,2025-09-01T16:46:16
T0509,A179,G3,2025-09-01T16:14:23
T0510,A290,G1,2025-09-01T08:23:15
T0511,A295,G3,2025-09-01T17:32:36
T0512,A197,G2,2025-09-01T10:43:30
T0513,A392,G4,2025-09-01T08:01:55
T0514,A236,G2,2025-09-01T13:53:46
T0515,A291,G2,2025-09-01T09:28:20
T0516,A101,G1,2025-09-01T14:04:37
T0517,A253,G4,2025-09-01T12:05:01
T0518,A329,G4,2025-09-01T15:18:21
T0519,A101,G3,2025-09-01T11:30:19
T0520,A174,G4,2025-09-01T08:00:30
T0521,A382,G4,2025-09-01T17:56:00
T0522,A315,G2,2025-09-01T16:04:08
T0523,A175,G3,2025-09-01T11:34:39
T0524,A393,G3,2025-09-01T10:33:46
T0525,A304,G3,2025-09-01T11:05:45
T0526,A299,G1,2025-09-01T12:15:35
T0527,A378,G1,2025-09-01T17:40:50
T0528,A126,G1,2025-09-01T08:53:05
T0529,A236,G2,2025-09-01T11:23:36
T0530,A237,G2,2025-09-01T11:14:23
T0531,A327,G1,2025-09-01T13:21:44
T0532,A297,G1,2025-09-01T08:45:55
T0533,A104,G2,2025-09-01T16:13:36
T0534,A182,G3,2025-09-01T13:05:18
T0535,A180,G4,2025-09-01T11:18:38
T0536,A281,G2,2025-09-01T14:37:19
T0537,A358,G1,2025-09-01T11:13:41
T0538,A306,G1,2025-09-01T16:29:55
T0539,A254,G2,2025-09-01T09:05:32
T0540,A326,G4,2025-09-01T11:37:37
T0541,A347,G2,2025-09-01T17:17:14
T0542,A332,G2,2025-09-01T15:17:45
T0543,A313,G1,2025-09-01T17:38:19
T0544,A381,G3,2025-09-01T16:54:19
T0545,A381,G2,2025-09-01T16:58:20
T0546,A197,G4,2025-09-01T16:21:50
T0547,A112,G2,2025-09-01T12:46:28
T0548,A128,G4,2025-09-01T08:47:07
T0549,A169,G2,2025-09-01T08:38:55
T0550,A143,G1,2025-09-01T09:25:52
T0551,A171,G2,2025-09-01T12:40:56
T0552,A240,G4,2025-09-01T17:58:56
T0553,A251,G3,2025-09-01T09:21:17
T0554,A113,G2,2025-09-01T09:05:49
T0555,A242,G2,2025-09-01T12:19:37
T0556,A233,G4,2025-09-01T15:55:07
T0557,A148,G1,2025-09-01T17:52:09
T0558,A382,G4,2025-09-01T12:02:05
T0559,A154,G4,2025-09-01T13:20:02
T0560,A160,G2,2025-09-01T17:38:09
T0561,A250,G4,2025-09-01T15:49:31
T0562,A217,G1,2025-09-01T15:35:09
T0563,A285,G3,2025-09-01T14:23:35
T0564,A183,G2,2025-09-01T11:45:13
T0565,A324,G2,2025-09-01T15:23:55
T0566,A282,G1,2025-09-01T14:26:35
T0567,A187,G1,2025-09-01T08:33:13
T0568,A339,G1,2025-09-01T12:27:43
T0569,A220,G3,2025-09-01T08:19:09
T0570,A187,G1,2025-09-01T09:15:11
T0571,A368,G2,2025-09-01T10:36:37
T0572,A161,G1,2025-09-01T08:51:32
T0573,A191,G3,2025-09-01T13:05:20
T0574,A399,G4,2025-09-01T08:24:14
T0575,A124,G1,2025-09-01T11:29:08
T0576,A167,G4,2025-09-01T17:30:48
T0577,A212,G4,2025-09-01T09:48:25
T0578,A302,G4,2025-09-01T14:55:35
T0579,A210,G4,2025-09-01T12:11:17
T0580,A235,G2,2025-09-01T10:14:43
T0581,A271,G4,2025-09-01T11:48:52
T0582,A314,G4,2025-09-01T11:13:09
T0583,A315,G1,2025-09-01T13:57:16
T0584,A185,G3,2025-09-01T13:51:47
T0585,A138,G3,2025-09-01T13:58:50
T0586,A244,G4,2025-09-01T15:26:13
T0587,A213,G1,2025-09-01T12:34:53
T0588,A318,G1,2025-09-01T10:08:15
T0589,A250,G3,2025-09-01T08:46:21
T0590,A102,G1,2025-09-01T08:07:08
T0591,A178,G4,2025-09-01T11:31:33
T0592,A310,G4,2025-09-01T16:00:01
T0593,A114,G1,2025-09-01T11:08:43
T0594,A116,G2,2025-09-01T12:51:25
T0595,A333,G2,2025-09-01T15:31:35
T0596,A198,G2,2025-09-01T14:25:48
T0597,A400,G2,2025-09-01T13:23:31
T0598,A239,G3,2025-09-01T10:34:15
T0599,A193,G3,2025-09-01T17:22:58
T0600,A144,G3,2025-09-01T17:22:37
T0601,A176,G3,2025-09-01T17:39:39
T0602,A130,G2,2025-09-01T15:59:43
T0603,A210,G1,2025-09-01T13:19:04
T0604,A298,G3,2025-09-01T12:38:43
T0605,A348,G2,2025-09-01T08:05:03
T0606,A108,G3,2025-09-01T09:52:02
T0607,A318,G2,2025-09-01T13:00:14
T0608,A340,G3,2025-09-01T15:48:27
T0609,A301,G2,2025-09-01T14:24:21
T0610,A178,G3,2025-09-01T08:47:00
T0611,A314,G3,2025-09-01T16:48:50
T0612,A366,G3,2025-09-01T17:42:09
T0613,A246,G3,2025-09-01T15:18:13
T0614,A135,G3,2025-09-01T08:54:35
T0615,A259,G1,2025-09-01T11:33:06
T0616,A124,G1,2025-09-01T15:39:18
T0617,A248,G3,2025-09-01T12:19:46
T0618,A384,G1,2025-09-01T12:30:34
T0619,A145,G1,2025-09-01T12:12:20
T0620,A326,G3,2025-09-01T17:28:48
T0621,A304,G4,2025-09-01T09:59:34
T0622,A207,G3,2025-09-01T12:06:28
T0623,A372,G4,2025-09-01T14:48:33
T0624,A359,G4,2025-09-01T09:15:38
T0625,A132,G1,2025-09-01T15:24:47
T0626,A225,G2,2025-09-01T12:15:46
T0627,A196,G2,2025-09-01T10:58:41
T0628,A321,G2,2025-09-01T16:05:34
T0629,A334,G4,2025-09-01T08:39:55
T0630,A194,G2,2025-09-01T13:45:54
T0631,A313,G4,2025-09-01T08:01:02
T0632,A246,G2,2025-09-01T14:00:49
T0633,A299,G3,2025-09-01T15:06:57
T0634,A324,G2,2025-09-01T08:00:50
T0635,A241,G1,2025-09-01T10:08:59
T0636,A363,G4,2025-09-01T13:24:26
T0637,A141,G2,2025-09-01T10:15:25
T0638,A322,G3,2025-09-01T17:53:52
T0639,A321,G2,2025-09-01T13:47:18
T0640,A341,G4,2025-09-01T10:38:36
T0641,A312,G1,2025-09-01T12:18:53
T0642,A128,G4,2025-09-01T10:04:20
T0643,A186,G2,2025-09-01T14:12:21
T0644,A384,G2,2025-09-01T12:36:34
T0645,A328,G3,2025-09-01T10:20:37
T0646,A398,G3,2025-09-01T13:33:53
T0647,A285,G3,2025-09-01T16:14:04
T0648,A178,G2,2025-09-01T11:03:14
T0649,A375,G2,2025-09-01T13:58:30
T0650,A372,G1,2025-09-01T09:51:39
T0651,A350,G4,2025-09-01T12:17:52
T0652,A196,G1,2025-09-01T17:36:06
T0653,A235,G2,2025-09-01T13:44:28
T0654,A115,G1,2025-09-01T16:01:30
T0655,A120,G3,2025-09-01T09:33:28
T0656,A343,G4,2025-09-01T15:13:45
T0657,A217,G4,2025-09-01T14:12:44
T0658,A391,G1,2025-09-01T11:18:04
T0659,A189,G3,2025-09-01T14:32:49
T0660,A209,G2,2025-09-01T09:31:23
T0661,A304,G3,2025-09-01T10:38:11
T0662,A122,G1,2025-09-01T12:14:23
T0663,A267,G1,2025-09-01T12:59:22
T0664,A386,G2,2025-09-01T15:14:38
T0665,A143,G2,2025-09-01T13:37:19
T0666,A160,G2,2025-09-01T14:12:28
T0667,A151,G4,2025-09-01T09:19:12
T0668,A231,G4,2025-09-01T16:27:07
T0669,A246,G3,2025-09-01T15:59:29
T0670,A173,G2,2025-09-01T14:35:09
T0671,A254,G3,2025-09-01T11:41:00
T0672,A283,G1,2025-09-01T15:07:26
T0673,A157,G2,2025-09-01T14:30:35
T0674,A268,G4,2025-09-01T15:36:30
T0675,A104,G1,2025-09-01T08:45:22
T0676,A183,G1,2025-09-01T09:50:44
T0677,A140,G1,2025-09-01T11:00:05
T0678,A376,G4,2025-09-01T14:52:12
T0679,A180,G3,2025-09-01T09:18:08
T0680,A309,G3,2025-09-01T08:37:05
T0681,A259,G4,2025-09-01T13:37:52
T0682,A112,G1,2025-09-01T13:34:42
T0683,A261,G2,2025-09-01T09:41:21
T0684,A342,G3,2025-09-01T17:37:29
T0685,A356,G2,2025-09-01T17:24:00
T0686,A272,G4,2025-09-01T15:59:58
T0687,A357,G2,2025-09-01T09:18:09
T0688,A152,G2,2025-09-01T09:39:29
T0689,A242,G2,2025-09-01T17:43:47
T0690,A217,G1,2025-09-01T16:42:55
T0691,A298,G2,2025-09-01T13:10:23
T0692,A121,G4,2025-09-01T11:26:47
T0693,A396,G2,2025-09-01T10:53:48
T0694,A369,G1,2025-09-01T14:35:37
T0695,A116,G3,2025-09-01T11:00:54
T0696,A191,G4,2025-09-01T09:19:41
T0697,A337,G2,2025-09-01T16:18:54
T0698,A341,G3,2025-09-01T11:00:07
T0699,A235,G2,2025-09-01T10:51:12
T0700,A254,G1,2025-09-01T11:16:15
T0701,A238,G4,2025-09-01T08:48:10
T0702,A348,G4,2025-09-01T08:24:46
T0703,A212,G2,2025-09-01T11:05:57
T0704,A380,G1,2025-09-01T08:05:40
T0705,A298,G3,2025-09-01T16:39:57
T0706,A334,G3,2025-09-01T11:35:29
T0707,A249,G2,2025-09-01T15:24:21
T0708,A374,G2,2025-09-01T13:11:26
T0709,A237,G4,2025-09-01T17:10:52
T0710,A161,G2,2025-09-01T17:14:58
T0711,A192,G1,2025-09-01T15:15:59
T0712,A374,G4,2025-09-01T15:53:34
T0713,A292,G4,2025-09-01T08:47:56
T0714,A356,G1,2025-09-01T10:23:36
T0715,A122,G2,2025-09-01T10:44:53
T0716,A217,G3,2025-09-01T10:59:16
T0717,A357,G1,2025-09-01T17:17:11
T0718,A255,G2,2025-09-01T14:15:12
T0719,A147,G4,2025-09-01T12:14:36
T0720,A345,G3,2025-09-01T09:41:21
T0721,A211,G4,2025-09-01T08:27:30
T0722,A215,G4,2025-09-01T10:23:19
T0723,A189,G4,2025-09-01T10:42:03
T0724,A153,G3,2025-09-01T16:49:54
T0725,A338,G1,2025-09-01T14:29:40
T0726,A219,G1,2025-09-01T08:43:07
T0727,A245,G1,2025-09-01T17:41:33
T0728,A238,G3,2025-09-01T14:19:08
T0729,A195,G4,2025-09-01T15:08:49
T0730,A158,G2,2025-09-01T09:12:45
T0731,A276,G3,2025-09-01T11:19:42
T0732,A204,G3,2025-09-01T12:01:59
T0733,A153,G2,2025-09-01T09:42:04
T0734,A285,G3,2025-09-01T13:29:38
T0735,A381,G4,2025-09-01T17:34:11
T0736,A397,G4,2025-09-01T13:13:45
T0737,A354,G1,2025-09-01T08:42:40
T0738,A248,G2,2025-09-01T16:46:43
T0739,A376,G1,2025-09-01T17:46:49
T0740,A304,G1,2025-09-01T12:03:09
T0741,A336,G1,2025-09-01T11:00:42
T0742,A168,G4,2025-09-01T15:09:53
T0743,A287,G2,2025-09-01T13:14:53
T0744,A368,G2,2025-09-01T16:01:04
T0745,A258,G2,2025-09-01T11:17:22
T0746,A183,G2,2025-09-01T15:25:40
T0747,A324,G2,2025-09-01T13:49:03
T0748,A146,G2,2025-09-01T13:42:17
T0749,A355,G1,2025-09-01T16:13:13
T0750,A325,G3,2025-09-01T17:48:56
T0751,A342,G3,2025-09-01T14:17:39
T0752,A189,G1,2025-09-01T09:33:44
T0753,A382,G3,2025-09-01T11:57:54
T0754,A252,G4,2025-09-01T12:08:23
T0755,A162,G4,2025-09-01T13:17:56
T0756,A118,G4,2025-09-01T14:11:06
T0757,A202,G2,2025-09-01T16:14:33
T0758,A297,G3,2025-09-01T12:27:01
T0759,A337,G3,2025-09-01T08:34:01
T0760,A118,G1,2025-09-01T14:20:56
T0761,A329,G4,2025-09-01T12:51:24
T0762,A368,G2,2025-09-01T12:04:53
T0763,A206,G4,2025-09-01T11:05:47
T0764,A350,G4,2025-09-01T16:52:41
T0765,A107,G1,2025-09-01T17:59:41
T0766,A263,G1,2025-09-01T17:16:01
T0767,A291,G4,2025-09-01T11:21:35
T0768,A145,G1,2025-09-01T15:17:32
T0769,A169,G1,2025-09-01T08:24:43
T0770,A267,G3,2025-09-01T15:10:44
T0771,A324,G3,2025-09-01T13:39:02
T0772,A364,G2,2025-09-01T15:30:40
T0773,A359,G1,2025-09-01T11:07:42
T0774,A361,G3,2025-09-01T14:18:53
T0775,A135,G3,2025-09-01T15:07:53
T0776,A232,G3,2025-09-01T16:08:26
T0777,A294,G3,2025-09-01T15:12:19
T0778,A157,G4,2025-09-01T17:57:47
T0779,A265,G4,2025-09-01T17:58:09
T0780,A272,G3,2025-09-01T09:54:00
T0781,A164,G1,2025-09-01T15:08:15
T0782,A213,G3,2025-09-01T08:35:46
T0783,A209,G2,2025-09-01T16:27:18
T0784,A392,G3,2025-09-01T17:14:41
T0785,A323,G2,2025-09-01T16:18:23
T0786,A376,G4,2025-09-01T16:30:25
T0787,A153,G2,2025-09-01T13:37:57
T0788,A212,G1,2025-09-01T15:31:21
T0789,A113,G3,2025-09-01T13:08:43
T0790,A153,G4,2025-09-01T11:46:25
T0791,A377,G4,2025-09-01T09:59:44
T0792,A331,G2,2025-09-01T11:40:36
T0793,A133,G3,2025-09-01T12:12:54
T0794,A194,G4,2025-09-01T09:59:24
T0795,A125,G3,2025-09-01T17:32:10
T0796,A109,G2,2025-09-01T17:19:11
T0797,A365,G3,2025-09-01T13:04:41
T0798,A123,G2,2025-09-01T17:47:18
T0799,A180,G1,2025-09-01T17:06:32
T0800,A180,G4,2025-09-01T08:20:59
T0801,A273,G2,2025-09-01T11:45:58
T0802,A304,G4,2025-09-01T17:58:54
T0803,A117,G1,2025-09-01T12:04:23
T0804,A398,G1,2025-09-01T08:42:23
T0805,A189,G4,2025-09-01T12:17:47
T0806,A206,G3,2025-09-01T17:26:37
T0807,A115,G1,2025-09-01T12:05:25
T0808,A309,G1,2025-09-01T15:25:59
T0809,A147,G3,2025-09-01T08:02:30
T0810,A140,G1,2025-09-01T17:40:18
T0811,A389,G4,2025-09-01T14:43:28
T0812,A301,G2,2025-09-01T08:24:03
T0813,A169,G2,2025-09-01T10:12:41
T0814,A275,G4,2025-09-01T14:10:11
T0815,A122,G2,2025-09-01T17:36:28
T0816,A293,G3,2025-09-01T10:40:25
T0817,A109,G3,2025-09-01T09:05:15
T0818,A370,G4,2025-09-01T10:56:31
T0819,A163,G1,2025-09-01T09:43:24
T0820,A207,G3,2025-09-01T17:59:22
T0821,A162,G2,2025-09-01T11:14:28
T0822,A362,G3,2025-09-01T16:55:57
T0823,A341,G1,2025-09-01T16:25:46
T0824,A228,G3,2025-09-01T14:54:49
T0825,A118,G1,2025-09-01T11:23:28
T0826,A111,G2,2025-09-01T08:08:01
T0827,A200,G3,2025-09-01T16:04:39
T0828,A167,G1,2025-09-01T10:05:43
T0829,A336,G3,2025-09-01T13:00:55
T0830,A218,G3,2025-09-01T17:31:13
T0831,A154,G1,2025-09-01T11:17:48
T0832,A211,G1,2025-09-01T16:58:22
T0833,A215,G4,2025-09-01T15:09:34
T0834,A327,G3,2025-09-01T12:49:33
T0835,A276,G3,2025-09-01T13:50:35
T0836,A166,G3,2025-09-01T11:19:56
T0837,A135,G4,2025-09-01T10:09:39
T0838,A216,G2,2025-09-01T11:25:58
T0839,A293,G3,2025-09-01T15:12:21
T0840,A388,G1,2025-09-01T12:43:36
T0841,A347,G1,2025-09-01T12:44:42
T0842,A324,G3,2025-09-01T17:53:33
T0843,A204,G3,2025-09-01T12:21:17
T0844,A400,G4,2025-09-01T14:30:52
T0845,A317,G4,2025-09-01T09:58:25
T0846,A152,G3,2025-09-01T12:48:25
T0847,A339,G4,2025-09-01T11:31:37
T0848,A304,G4,2025-09-01T10:05:41
T0849,A203,G4,2025-09-01T16:37:24
T0850,A262,G2,2025-09-01T15:57:15
T0851,A196,G1,2025-09-01T15:22:47
T0852,A121,G1,2025-09-01T10:28:28
T0853,A175,G2,2025-09-01T12:42:23
T0854,A371,G4,2025-09-01T14:26:50
T0855,A280,G3,2025-09-01T08:36:37
T0856,A143,G3,2025-09-01T09:14:47
T0857,A355,G3,2025-09-01T16:19:55
T0858,A167,G1,2025-09-01T08:44:30
T0859,A257,G2,2025-09-01T17:58:21
T0860,A303,G2,2025-09-01T08:24:36
T0861,A251,G4,2025-09-01T14:50:05
T0862,A226,G2,2025-09-01T10:17:16
T0863,A151,G3,2025-09-01T09:14:36
T0864,A108,G4,2025-09-01T08:44:11
T0865,A327,G2,2025-09-01T15:45:41
T0866,A396,G3,2025-09-01T08:44:39
T0867,A264,G3,2025-09-01T10:28:29
T0868,A148,G3,2025-09-01T11:29:08
T0869,A130,G1,2025-09-01T11:23:50
T0870,A243,G4,2025-09-01T08:33:14
T0871,A113,G2,2025-09-01T17:08:46
T0872,A117,G4,2025-09-01T15:47:05
T0873,A133,G3,2025-09-01T14:51:56
T0874,A111,G4,2025-09-01T09:35:32
T0875,A344,G1,2025-09-01T16:45:27
T0876,A257,G3,2025-09-01T10:46:48
T0877,A247,G2,2025-09-01T13:03:10
T0878,A333,G2,2025-09-01T09:31:51
T0879,A219,G3,2025-09-01T09:29:35
T0880,A159,G1,2025-09-01T12:30:03
T0881,A142,G3,2025-09-01T10:11:43
T0882,A345,G1,2025-09-01T16:54:35
T0883,A379,G3,2025-09-01T11:20:48
T0884,A220,G4,2025-09-01T08:00:17
T0885,A225,G2,2025-09-01T12:42:40
T0886,A230,G1,2025-09-01T10:30:02
T0887,A118,G4,2025-09-01T10:03:02
T0888,A124,G1,2025-09-01T15:25:49
T0889,A265,G3,2025-09-01T09:50:17
T0890,A163,G4,2025-09-01T17:05:43
T0891,A180,G1,2025-09-01T14:21:11
T0892,A210,G4,2025-09-01T13:14:45
T0893,A295,G3,2025-09-01T14:50:14
T0894,A152,G3,2025-09-01T09:41:16
T0895,A179,G2,2025-09-01T10:29:35
T0896,A350,G4,2025-09-01T12:22:33
T0897,A251,G1,2025-09-01T14:36:20
T0898,A196,G1,2025-09-01T16:33:34
T0899,A152,G1,2025-09-01T09:38:53
T0900,A273,G2,2025-09-01T17:58:42
T0901,A257,G3,2025-09-01T11:29:00
T0902,A264,G3,2025-09-01T10:31:38
T0903,A315,G1,2025-09-01T17:06:45
T0904,A324,G2,2025-09-01T10:31:57
T0905,A155,G1,2025-09-01T08:47:15
T0906,A125,G4,2025-09-01T15:22:26
T0907,A259,G1,2025-09-01T09:38:13
T0908,A194,G2,2025-09-01T08:07:09
T0909,A153,G4,2025-09-01T12:29:26
T0910,A235,G3,2025-09-01T14:41:01
T0911,A385,G4,2025-09-01T11:35:03
T0912,A368,G1,2025-09-01T12:41:25
T0913,A231,G4,2025-09-01T10:58:23
T0914,A336,G4,2025-09-01T12:06:40
T0915,A112,G3,2025-09-01T10:13:25
T0916,A230,G1,2025-09-01T16:00:11
T0917,A301,G3,2025-09-01T11:30:19
T0918,A139,G2,2025-09-01T11:48:53
T0919,A110,G1,2025-09-01T14:55:38
T0920,A366,G1,2025-09-01T08:26:12
T0921,A254,G3,2025-09-01T12:23:24
T0922,A395,G1,2025-09-01T15:23:02
T0923,A230,G3,2025-09-01T08:07:46
T0924,A369,G1,2025-09-01T17:17:33
T0925,A269,G1,2025-09-01T14:32:21
T0926,A152,G3,2025-09-01T09:31:46
T0927,A210,G1,2025-09-01T17:55:25
T0928,A368,G4,2025-09-01T16:38:14
T0929,A171,G3,2025-09-01T12:36:30
T0930,A203,G4,2025-09-01T11:30:45
T0931,A249,G4,2025-09-01T13:48:42
T0932,A260,G2,2025-09-01T08:56:36
T0933,A148,G4,2025-09-01T12:37:09
T0934,A393,G4,2025-09-01T14:31:59
T0935,A305,G2,2025-09-01T16:48:32
T0936,A300,G2,2025-09-01T14:12:38
T0937,A221,G1,2025-09-01T09:58:42
T0938,A317,G4,2025-09-01T13:56:07
T0939,A355,G4,2025-09-01T13:16:24
T0940,A107,G3,2025-09-01T16:12:08
T0941,A278,G1,2025-09-01T17:30:15
T0942,A362,G2,2025-09-01T10:46:31
T0943,A177,G2,2025-09-01T17:58:18
T0944,A133,G3,2025-09-01T15:31:48
T0945,A374,G2,2025-09-01T12:25:09
T0946,A160,G2,2025-09-01T13:58:52
T0947,A147,G1,2025-09-01T15:11:16
T0948,A272,G1,2025-09-01T14:31:21
T0949,A323,G1,2025-09-01T10:32:33
T0950,A284,G2,2025-09-01T13:48:45
T0951,A288,G2,2025-09-01T08:59:26
T0952,A388,G4,2025-09-01T14:29:30
T0953,A108,G4,2025-09-01T08:59:49
T0954,A125,G3,2025-09-01T16:07:59
T0955,A248,G4,2025-09-01T14:03:57
T0956,A111,G1,2025-09-01T16:01:24
T0957,A213,G4,2025-09-01T17:39:10
T0958,A313,G3,2025-09-01T17:46:32
T0959,A122,G3,2025-09-01T08:33:48
T0960,A243,G4,2025-09-01T08:34:52
T0961,A326,G3,2025-09-01T17:38:46
T0962,A116,G2,2025-09-01T10:50:32
T0963,A158,G1,2025-09-01T11:00:09
T0964,A140,G4,2025-09-01T14:30:32
T0965,A254,G2,2025-09-01T16:41:00
T0966,A108,G4,2025-09-01T12:59:12
T0967,A228,G4,2025-09-01T13:20:44
T0968,A363,G4,2025-09-01T11:35:57
T0969,A156,G1,2025-09-01T10:17:05
T0970,A112,G4,2025-09-01T10:03:38
T0971,A148,G1,2025-09-01T09:55:16
T0972,A367,G3,2025-09-01T15:42:07
T0973,A185,G2,2025-09-01T14:57:14
T0974,A209,G3,2025-09-01T15:19:12
T0975,A114,G4,2025-09-01T17:11:28
T0976,A371,G1,2025-09-01T17:47:12
T0977,A248,G3,2025-09-01T13:23:05
T0978,A339,G3,2025-09-01T08:55:28
T0979,A307,G4,2025-09-01T13:18:37
T0980,A312,G1,2025-09-01T09:03:22
T0981,A156,G1,2025-09-01T14:07:18
T0982,A189,G3,2025-09-01T15:25:26
T0983,A171,G2,2025-09-01T15:25:56
T0984,A181,G4,2025-09-01T15:29:04
T0985,A194,G4,2025-09-01T09:01:04
T0986,A333,G2,2025-09-01T14:39:38
T0987,A172,G2,2025-09-01T10:46:17
T0988,A286,G2,2025-09-01T09:43:50
T0989,A149,G2,2025-09-01T15:40:05
T0990,A184,G3,2025-09-01T13:37:46
T0991,A328,G1,2025-09-01T09:16:42
T0992,A123,G3,2025-09-01T11:03:58
T0993,A207,G4,2025-09-01T12:28:24
T0994,A293,G4,2025-09-01T14:08:23
T0995,A383,G3,2025-09-01T10:22:20
T0996,A380,G1,2025-09-01T15:13:42
T0997,A254,G3,2025-09-01T11:01:30
T0998,A108,G3,2025-09-01T15:44:15
T0999,A239,G1,2025-09-01T13:10:05
T1000,A166,G4,2025-09-01T17:01:31
